/* Creamos algunos usuarios con sus roles */
INSERT INTO users (id, username, password, email, create_at, provincia, telefono, role) VALUES (1, 'admin', '$2a$10$c4M07uAo.9B6.0fi8RrXV.i0C7NoYIv5PyjD4kHIEmyDZhyWMvxNa', 'admin@gmail.com', NOW(), 'Madrid', '637637637', 1);
INSERT INTO users (id, username, password, email, create_at, provincia, telefono, role) VALUES (2, 'adrian', '$2a$10$GLVrqBoycZdZyDulq6WoZ.EtqU2a5iyog1Ry9zMRAF1R0vFY77aVK', 'adrian@gmail.com', NOW(), 'Barcelona', '637275754', 2);


/* Rellenamos la tabla 'combustible' */
INSERT INTO combustibles (`id`, `combustible`) VALUES ('1', 'Diésel');
INSERT INTO combustibles (`id`, `combustible`) VALUES ('2', 'Gasolina');
INSERT INTO combustibles (`id`, `combustible`) VALUES ('3', 'Eléctrico');
INSERT INTO combustibles (`id`, `combustible`) VALUES ('4', 'Híbrido');
INSERT INTO combustibles (`id`, `combustible`) VALUES ('5', 'Hibrido enchufable');
INSERT INTO combustibles (`id`, `combustible`) VALUES ('6', 'Gas licuado (GLP)');
INSERT INTO combustibles (`id`, `combustible`) VALUES ('7', 'Gas natural (CNG)');
INSERT INTO combustibles (`id`, `combustible`) VALUES ('8', 'Otros');


/* Rellenamos la tabla 'años' */
INSERT INTO anios (`id`, `anio`) VALUES ('1', '1970');
INSERT INTO anios (`id`, `anio`) VALUES ('2', '1971');
INSERT INTO anios (`id`, `anio`) VALUES ('3', '1972');
INSERT INTO anios (`id`, `anio`) VALUES ('5', '1973');
INSERT INTO anios (`id`, `anio`) VALUES ('6', '1974');
INSERT INTO anios (`id`, `anio`) VALUES ('7', '1975');
INSERT INTO anios (`id`, `anio`) VALUES ('8', '1976');
INSERT INTO anios (`id`, `anio`) VALUES ('9', '1977');
INSERT INTO anios (`id`, `anio`) VALUES ('10', '1978');
INSERT INTO anios (`id`, `anio`) VALUES ('11', '1979');
INSERT INTO anios (`id`, `anio`) VALUES ('12', '1980');
INSERT INTO anios (`id`, `anio`) VALUES ('13', '1981');
INSERT INTO anios (`id`, `anio`) VALUES ('14', '1982');
INSERT INTO anios (`id`, `anio`) VALUES ('15', '1983');
INSERT INTO anios (`id`, `anio`) VALUES ('16', '1984');
INSERT INTO anios (`id`, `anio`) VALUES ('17', '1985');
INSERT INTO anios (`id`, `anio`) VALUES ('18', '1986');
INSERT INTO anios (`id`, `anio`) VALUES ('19', '1987');
INSERT INTO anios (`id`, `anio`) VALUES ('20', '1988');
INSERT INTO anios (`id`, `anio`) VALUES ('21', '1989');
INSERT INTO anios (`id`, `anio`) VALUES ('22', '1990');
INSERT INTO anios (`id`, `anio`) VALUES ('23', '1991');
INSERT INTO anios (`id`, `anio`) VALUES ('24', '1992');
INSERT INTO anios (`id`, `anio`) VALUES ('25', '1993');
INSERT INTO anios (`id`, `anio`) VALUES ('26', '1994');
INSERT INTO anios (`id`, `anio`) VALUES ('27', '1995');
INSERT INTO anios (`id`, `anio`) VALUES ('28', '1996');
INSERT INTO anios (`id`, `anio`) VALUES ('29', '1997');
INSERT INTO anios (`id`, `anio`) VALUES ('30', '1998');
INSERT INTO anios (`id`, `anio`) VALUES ('31', '1999');
INSERT INTO anios (`id`, `anio`) VALUES ('32', '2000');
INSERT INTO anios (`id`, `anio`) VALUES ('33', '2001');
INSERT INTO anios (`id`, `anio`) VALUES ('34', '2002');
INSERT INTO anios (`id`, `anio`) VALUES ('35', '2003');
INSERT INTO anios (`id`, `anio`) VALUES ('36', '2004');
INSERT INTO anios (`id`, `anio`) VALUES ('37', '2005');
INSERT INTO anios (`id`, `anio`) VALUES ('38', '2006');
INSERT INTO anios (`id`, `anio`) VALUES ('39', '2007');
INSERT INTO anios (`id`, `anio`) VALUES ('40', '2008');
INSERT INTO anios (`id`, `anio`) VALUES ('41', '2009');
INSERT INTO anios (`id`, `anio`) VALUES ('42', '2010');
INSERT INTO anios (`id`, `anio`) VALUES ('43', '2011');
INSERT INTO anios (`id`, `anio`) VALUES ('44', '2012');
INSERT INTO anios (`id`, `anio`) VALUES ('45', '2013');
INSERT INTO anios (`id`, `anio`) VALUES ('46', '2014');
INSERT INTO anios (`id`, `anio`) VALUES ('47', '2015');
INSERT INTO anios (`id`, `anio`) VALUES ('48', '2016');
INSERT INTO anios (`id`, `anio`) VALUES ('49', '2017');
INSERT INTO anios (`id`, `anio`) VALUES ('50', '2018');

/* Rellenamos la tabla 'marcas' */
INSERT INTO marcas (`id_marca`, `marca`) VALUES ('1', 'ABARTH');
INSERT INTO marcas (`id_marca`, `marca`) VALUES ('2', 'ALFA ROMEO');
INSERT INTO marcas (`id_marca`, `marca`) VALUES ('3', 'ASIA');
INSERT INTO marcas (`id_marca`, `marca`) VALUES ('4', 'ASTON MARTIN');
INSERT INTO marcas (`id_marca`, `marca`) VALUES ('5', 'AUDI');
INSERT INTO marcas (`id_marca`, `marca`) VALUES ('6', 'BENTLEY');
INSERT INTO marcas (`id_marca`, `marca`) VALUES ('7', 'BERTONE');
INSERT INTO marcas (`id_marca`, `marca`) VALUES ('8', 'BMW');
INSERT INTO marcas (`id_marca`, `marca`) VALUES ('9', 'CADILLAC');
INSERT INTO marcas (`id_marca`, `marca`) VALUES ('10', 'CHEVROLET');
INSERT INTO marcas (`id_marca`, `marca`) VALUES ('11', 'CHRYSLER');
INSERT INTO marcas (`id_marca`, `marca`) VALUES ('12', 'CITROEN');
INSERT INTO marcas (`id_marca`, `marca`) VALUES ('13', 'CORVETTE');
INSERT INTO marcas (`id_marca`, `marca`) VALUES ('14', 'DACIA');
INSERT INTO marcas (`id_marca`, `marca`) VALUES ('15', 'DAEWOO');
INSERT INTO marcas (`id_marca`, `marca`) VALUES ('16', 'DAIHATSU');
INSERT INTO marcas (`id_marca`, `marca`) VALUES ('17', 'DAIMLER');
INSERT INTO marcas (`id_marca`, `marca`) VALUES ('18', 'DFSK');
INSERT INTO marcas (`id_marca`, `marca`) VALUES ('19', 'DODGE');
INSERT INTO marcas (`id_marca`, `marca`) VALUES ('20', 'DS');
INSERT INTO marcas (`id_marca`, `marca`) VALUES ('21', 'FERRARI');
INSERT INTO marcas (`id_marca`, `marca`) VALUES ('22', 'FIAR');
INSERT INTO marcas (`id_marca`, `marca`) VALUES ('23', 'FORD');
INSERT INTO marcas (`id_marca`, `marca`) VALUES ('24', 'GALLOPER');
INSERT INTO marcas (`id_marca`, `marca`) VALUES ('25', 'HONDA');
INSERT INTO marcas (`id_marca`, `marca`) VALUES ('26', 'HUMMER');
INSERT INTO marcas (`id_marca`, `marca`) VALUES ('27', 'HYUNDAI');
INSERT INTO marcas (`id_marca`, `marca`) VALUES ('28 ', 'INFINITI');
INSERT INTO marcas (`id_marca`, `marca`) VALUES ('29', 'INNOCENTI');
INSERT INTO marcas (`id_marca`, `marca`) VALUES ('30', 'ISUZU');
INSERT INTO marcas (`id_marca`, `marca`) VALUES ('31', 'IVECO');
INSERT INTO marcas (`id_marca`, `marca`) VALUES ('32', 'JAGUAR');
INSERT INTO marcas (`id_marca`, `marca`) VALUES ('33', 'JEEP');
INSERT INTO marcas (`id_marca`, `marca`) VALUES ('34', 'KIA');
INSERT INTO marcas (`id_marca`, `marca`) VALUES ('35', 'LADA');
INSERT INTO marcas (`id_marca`, `marca`) VALUES ('36', 'LAMBORGHINI');
INSERT INTO marcas (`id_marca`, `marca`) VALUES ('37', 'LANCIA');
INSERT INTO marcas (`id_marca`, `marca`) VALUES ('38', 'LAND-ROVER');
INSERT INTO marcas (`id_marca`, `marca`) VALUES ('39', 'LDV');
INSERT INTO marcas (`id_marca`, `marca`) VALUES ('40', 'LEXUS');
INSERT INTO marcas (`id_marca`, `marca`) VALUES ('41', 'LOTUS');
INSERT INTO marcas (`id_marca`, `marca`) VALUES ('42', 'MAHINDRA');
INSERT INTO marcas (`id_marca`, `marca`) VALUES ('43', 'MASERATI');
INSERT INTO marcas (`id_marca`, `marca`) VALUES ('44', 'MAYBACH');
INSERT INTO marcas (`id_marca`, `marca`) VALUES ('45', 'MAZDA');
INSERT INTO marcas (`id_marca`, `marca`) VALUES ('46', 'MERCEDES-BENZ');
INSERT INTO marcas (`id_marca`, `marca`) VALUES ('47', 'MG');
INSERT INTO marcas (`id_marca`, `marca`) VALUES ('48', 'MINI');
INSERT INTO marcas (`id_marca`, `marca`) VALUES ('49', 'MITSUBISHI');
INSERT INTO marcas (`id_marca`, `marca`) VALUES ('50', 'MORGAN');
INSERT INTO marcas (`id_marca`, `marca`) VALUES ('51', 'NISSAN');
INSERT INTO marcas (`id_marca`, `marca`) VALUES ('52', 'OPEL');
INSERT INTO marcas (`id_marca`, `marca`) VALUES ('53', 'PEUGEOT');
INSERT INTO marcas (`id_marca`, `marca`) VALUES ('54', 'PIAGGIO');
INSERT INTO marcas (`id_marca`, `marca`) VALUES ('55', 'PONTIAC');
INSERT INTO marcas (`id_marca`, `marca`) VALUES ('56', 'PORSCHE');
INSERT INTO marcas (`id_marca`, `marca`) VALUES ('57', 'RENAULT');
INSERT INTO marcas (`id_marca`, `marca`) VALUES ('58', 'ROLLS-ROYCE');
INSERT INTO marcas (`id_marca`, `marca`) VALUES ('59', 'ROVER');
INSERT INTO marcas (`id_marca`, `marca`) VALUES ('60', 'SAAB');
INSERT INTO marcas (`id_marca`, `marca`) VALUES ('61', 'SANTANA');
INSERT INTO marcas (`id_marca`, `marca`) VALUES ('62', 'SEAT');
INSERT INTO marcas (`id_marca`, `marca`) VALUES ('63', 'SKODA');
INSERT INTO marcas (`id_marca`, `marca`) VALUES ('64', 'SMART');
INSERT INTO marcas (`id_marca`, `marca`) VALUES ('65', 'SSANGYONG');
INSERT INTO marcas (`id_marca`, `marca`) VALUES ('66', 'SUBARU');
INSERT INTO marcas (`id_marca`, `marca`) VALUES ('67', 'SUZUKI');
INSERT INTO marcas (`id_marca`, `marca`) VALUES ('68', 'TALBOT');
INSERT INTO marcas (`id_marca`, `marca`) VALUES ('69', 'TATA');
INSERT INTO marcas (`id_marca`, `marca`) VALUES ('70', 'TESLA');
INSERT INTO marcas (`id_marca`, `marca`) VALUES ('71', 'TOYOTA');
INSERT INTO marcas (`id_marca`, `marca`) VALUES ('72', 'VAZ');
INSERT INTO marcas (`id_marca`, `marca`) VALUES ('73', 'VOLKSWAGEN');
INSERT INTO marcas (`id_marca`, `marca`) VALUES ('74', 'VOLVO');

/* Rellenamos la tabla provincias */
INSERT INTO modelos (`id_modelo`, `id_marca`, `modelo`) VALUES ('1', '1', '124 Spider');
INSERT INTO modelos (`id_modelo`, `id_marca`, `modelo`) VALUES ('2', '1', '595');
INSERT INTO modelos (`id_modelo`, `id_marca`, `modelo`) VALUES ('3', '2', '4C');
INSERT INTO modelos (`id_modelo`, `id_marca`, `modelo`) VALUES ('4', '2', 'Giulia');
INSERT INTO modelos (`id_modelo`, `id_marca`, `modelo`) VALUES ('5', '2', 'Giuletta');
INSERT INTO modelos (`id_modelo`, `id_marca`, `modelo`) VALUES ('6', '2', 'Mito');
INSERT INTO modelos (`id_modelo`, `id_marca`, `modelo`) VALUES ('7', '2', 'Stelvio');
INSERT INTO modelos (`id_modelo`, `id_marca`, `modelo`) VALUES ('8', '3', 'Rocsta');
INSERT INTO modelos (`id_modelo`, `id_marca`, `modelo`) VALUES ('9', '4', 'Cygnet');
INSERT INTO modelos (`id_modelo`, `id_marca`, `modelo`) VALUES ('10', '4', 'DB7');
INSERT INTO modelos (`id_modelo`, `id_marca`, `modelo`) VALUES ('11', '4', 'DB9');
INSERT INTO modelos (`id_modelo`, `id_marca`, `modelo`) VALUES ('12', '4', 'DBS');
INSERT INTO modelos (`id_modelo`, `id_marca`, `modelo`) VALUES ('13', '4', 'Rapide');
INSERT INTO modelos (`id_modelo`, `id_marca`, `modelo`) VALUES ('14', '4', 'V8');
INSERT INTO modelos (`id_modelo`, `id_marca`, `modelo`) VALUES ('15', '4', 'V8 Vantage');
INSERT INTO modelos (`id_modelo`, `id_marca`, `modelo`) VALUES ('16', '4', 'Vanquish');
INSERT INTO modelos (`id_modelo`, `id_marca`, `modelo`) VALUES ('17', '4', 'Vantage');
INSERT INTO modelos (`id_modelo`, `id_marca`, `modelo`) VALUES ('18', '4', 'Vantage V12');
INSERT INTO modelos (`id_modelo`, `id_marca`, `modelo`) VALUES ('19', '4', 'Vantage V8');
INSERT INTO modelos (`id_modelo`, `id_marca`, `modelo`) VALUES ('20', '4', 'Virage');
INSERT INTO modelos (`id_modelo`, `id_marca`, `modelo`) VALUES ('21', '4', 'Volante');
INSERT INTO modelos (`id_modelo`, `id_marca`, `modelo`) VALUES ('22', '5', '100');
INSERT INTO modelos (`id_modelo`, `id_marca`, `modelo`) VALUES ('23', '5', '200');
INSERT INTO modelos (`id_modelo`, `id_marca`, `modelo`) VALUES ('24', '5', '80');
INSERT INTO modelos (`id_modelo`, `id_marca`, `modelo`) VALUES ('25', '5', '90');
INSERT INTO modelos (`id_modelo`, `id_marca`, `modelo`) VALUES ('26', '5', 'A1');
INSERT INTO modelos (`id_modelo`, `id_marca`, `modelo`) VALUES ('27', '5', 'A2');
INSERT INTO modelos (`id_modelo`, `id_marca`, `modelo`) VALUES ('28', '5', 'A3');
INSERT INTO modelos (`id_modelo`, `id_marca`, `modelo`) VALUES ('29', '5', 'A4');
INSERT INTO modelos (`id_modelo`, `id_marca`, `modelo`) VALUES ('30', '5', 'A4 Allroad Quattro');
INSERT INTO modelos (`id_modelo`, `id_marca`, `modelo`) VALUES ('31', '5', 'A5');
INSERT INTO modelos (`id_modelo`, `id_marca`, `modelo`) VALUES ('32', '5', 'A6');
INSERT INTO modelos (`id_modelo`, `id_marca`, `modelo`) VALUES ('33', '5', 'A6 Allroad Quattro');
INSERT INTO modelos (`id_modelo`, `id_marca`, `modelo`) VALUES ('34', '5', 'A7');
INSERT INTO modelos (`id_modelo`, `id_marca`, `modelo`) VALUES ('35', '5', 'A8');
INSERT INTO modelos (`id_modelo`, `id_marca`, `modelo`) VALUES ('36', '5', 'AllRoad Quattro');
INSERT INTO modelos (`id_modelo`, `id_marca`, `modelo`) VALUES ('37', '5', 'Cabriolet');
INSERT INTO modelos (`id_modelo`, `id_marca`, `modelo`) VALUES ('38', '5', 'Coupe');
INSERT INTO modelos (`id_modelo`, `id_marca`, `modelo`) VALUES ('39', '5', 'Q2');
INSERT INTO modelos (`id_modelo`, `id_marca`, `modelo`) VALUES ('40', '5', 'Q3');
INSERT INTO modelos (`id_modelo`, `id_marca`, `modelo`) VALUES ('41', '5', 'Q5');
INSERT INTO modelos (`id_modelo`, `id_marca`, `modelo`) VALUES ('42', '5', 'Q7');
INSERT INTO modelos (`id_modelo`, `id_marca`, `modelo`) VALUES ('43', '5', 'Q8');
INSERT INTO modelos (`id_modelo`, `id_marca`, `modelo`) VALUES ('44', '5', 'R8');
INSERT INTO modelos (`id_modelo`, `id_marca`, `modelo`) VALUES ('45', '5', 'RS Q3');
INSERT INTO modelos (`id_modelo`, `id_marca`, `modelo`) VALUES ('46', '5', 'RS2');
INSERT INTO modelos (`id_modelo`, `id_marca`, `modelo`) VALUES ('47', '5', 'RS3');
INSERT INTO modelos (`id_modelo`, `id_marca`, `modelo`) VALUES ('48', '5', 'RS4');
INSERT INTO modelos (`id_modelo`, `id_marca`, `modelo`) VALUES ('49', '5', 'RS5');
INSERT INTO modelos (`id_modelo`, `id_marca`, `modelo`) VALUES ('50', '5', 'RS6');
INSERT INTO modelos (`id_modelo`, `id_marca`, `modelo`) VALUES ('51', '5', 'RS7');
INSERT INTO modelos (`id_modelo`, `id_marca`, `modelo`) VALUES ('52', '5', 'S1');
INSERT INTO modelos (`id_modelo`, `id_marca`, `modelo`) VALUES ('53', '5', 'S2');
INSERT INTO modelos (`id_modelo`, `id_marca`, `modelo`) VALUES ('54', '5', 'S3');
INSERT INTO modelos (`id_modelo`, `id_marca`, `modelo`) VALUES ('55', '5', 'S4');
INSERT INTO modelos (`id_modelo`, `id_marca`, `modelo`) VALUES ('56', '5', 'S5');
INSERT INTO modelos (`id_modelo`, `id_marca`, `modelo`) VALUES ('57', '5', 'S6');
INSERT INTO modelos (`id_modelo`, `id_marca`, `modelo`) VALUES ('58', '5', 'S7');
INSERT INTO modelos (`id_modelo`, `id_marca`, `modelo`) VALUES ('59', '5', 'S8');
INSERT INTO modelos (`id_modelo`, `id_marca`, `modelo`) VALUES ('60', '5', 'SQ5');
INSERT INTO modelos (`id_modelo`, `id_marca`, `modelo`) VALUES ('61', '5', 'SQ7');
INSERT INTO modelos (`id_modelo`, `id_marca`, `modelo`) VALUES ('62', '5', 'TT');
INSERT INTO modelos (`id_modelo`, `id_marca`, `modelo`) VALUES ('63', '5', 'TT RS');
INSERT INTO modelos (`id_modelo`, `id_marca`, `modelo`) VALUES ('64', '5', 'TTS');
INSERT INTO modelos (`id_modelo`, `id_marca`, `modelo`) VALUES ('65', '5', 'V8');
INSERT INTO modelos (`id_modelo`, `id_marca`, `modelo`) VALUES ('66', '6', 'Arnage');
INSERT INTO modelos (`id_modelo`, `id_marca`, `modelo`) VALUES ('67', '6', 'Azure');
INSERT INTO modelos (`id_modelo`, `id_marca`, `modelo`) VALUES ('68', '6', 'Bentayga');
INSERT INTO modelos (`id_modelo`, `id_marca`, `modelo`) VALUES ('69', '6', 'Brooklands');
INSERT INTO modelos (`id_modelo`, `id_marca`, `modelo`) VALUES ('70', '6', 'Continental');
INSERT INTO modelos (`id_modelo`, `id_marca`, `modelo`) VALUES ('71', '6', 'Continental Flying Spur');
INSERT INTO modelos (`id_modelo`, `id_marca`, `modelo`) VALUES ('72', '6', 'Continental GTC');
INSERT INTO modelos (`id_modelo`, `id_marca`, `modelo`) VALUES ('73', '6', 'Eight');
INSERT INTO modelos (`id_modelo`, `id_marca`, `modelo`) VALUES ('74', '6', 'Flying Spur');
INSERT INTO modelos (`id_modelo`, `id_marca`, `modelo`) VALUES ('75', '6', 'Mulsanne');
INSERT INTO modelos (`id_modelo`, `id_marca`, `modelo`) VALUES ('76', '6', 'Turbo');
INSERT INTO modelos (`id_modelo`, `id_marca`, `modelo`) VALUES ('77', '6', 'Turbo R');
INSERT INTO modelos (`id_modelo`, `id_marca`, `modelo`) VALUES ('78', '7', 'Freeclimber Diesel');
INSERT INTO modelos (`id_modelo`, `id_marca`, `modelo`) VALUES ('79', '8', 'Compact');
INSERT INTO modelos (`id_modelo`, `id_marca`, `modelo`) VALUES ('80', '8', 'i3');
INSERT INTO modelos (`id_modelo`, `id_marca`, `modelo`) VALUES ('81', '8', 'i8');
INSERT INTO modelos (`id_modelo`, `id_marca`, `modelo`) VALUES ('82', '8', 'Serie 1');
INSERT INTO modelos (`id_modelo`, `id_marca`, `modelo`) VALUES ('83', '8', 'Serie 2');
INSERT INTO modelos (`id_modelo`, `id_marca`, `modelo`) VALUES ('84', '8', 'Serie 2 Active Tourer');
INSERT INTO modelos (`id_modelo`, `id_marca`, `modelo`) VALUES ('85', '8', 'Serie 2 Gran Tourer');
INSERT INTO modelos (`id_modelo`, `id_marca`, `modelo`) VALUES ('86', '8', 'Serie 3');
INSERT INTO modelos (`id_modelo`, `id_marca`, `modelo`) VALUES ('87', '8', 'Serie 4');
INSERT INTO modelos (`id_modelo`, `id_marca`, `modelo`) VALUES ('88', '8', 'Serie 5');
INSERT INTO modelos (`id_modelo`, `id_marca`, `modelo`) VALUES ('89', '8', 'Serie 6');
INSERT INTO modelos (`id_modelo`, `id_marca`, `modelo`) VALUES ('90', '8', 'Serie 7');
INSERT INTO modelos (`id_modelo`, `id_marca`, `modelo`) VALUES ('91', '8', 'Serie 8');
INSERT INTO modelos (`id_modelo`, `id_marca`, `modelo`) VALUES ('92', '8', 'X1');
INSERT INTO modelos (`id_modelo`, `id_marca`, `modelo`) VALUES ('93', '8', 'X2');
INSERT INTO modelos (`id_modelo`, `id_marca`, `modelo`) VALUES ('94', '8', 'X3');
INSERT INTO modelos (`id_modelo`, `id_marca`, `modelo`) VALUES ('95', '8', 'X4');
INSERT INTO modelos (`id_modelo`, `id_marca`, `modelo`) VALUES ('96', '8', 'X5');
INSERT INTO modelos (`id_modelo`, `id_marca`, `modelo`) VALUES ('97', '8', 'X6');
INSERT INTO modelos (`id_modelo`, `id_marca`, `modelo`) VALUES ('98', '8', 'X7');
INSERT INTO modelos (`id_modelo`, `id_marca`, `modelo`) VALUES ('99', '8', 'Z1');
INSERT INTO modelos (`id_modelo`, `id_marca`, `modelo`) VALUES ('100', '8', 'Z3');
INSERT INTO modelos (`id_modelo`, `id_marca`, `modelo`) VALUES ('101', '8', 'Z4');
INSERT INTO modelos (`id_modelo`, `id_marca`, `modelo`) VALUES ('102', '8', 'Z8');
INSERT INTO modelos (`id_modelo`, `id_marca`, `modelo`) VALUES ('103', '9', 'BLS');
INSERT INTO modelos (`id_modelo`, `id_marca`, `modelo`) VALUES ('104', '9', 'CTS');
INSERT INTO modelos (`id_modelo`, `id_marca`, `modelo`) VALUES ('105', '9', 'El Dorado');
INSERT INTO modelos (`id_modelo`, `id_marca`, `modelo`) VALUES ('106', '9', 'Escalade');
INSERT INTO modelos (`id_modelo`, `id_marca`, `modelo`) VALUES ('107', '9', 'Seville');
INSERT INTO modelos (`id_modelo`, `id_marca`, `modelo`) VALUES ('108', '9', 'SRX');
INSERT INTO modelos (`id_modelo`, `id_marca`, `modelo`) VALUES ('109', '9', 'STS');
INSERT INTO modelos (`id_modelo`, `id_marca`, `modelo`) VALUES ('110', '9', 'XLR');
INSERT INTO modelos (`id_modelo`, `id_marca`, `modelo`) VALUES ('111', '10', 'Alero');
INSERT INTO modelos (`id_modelo`, `id_marca`, `modelo`) VALUES ('112', '10', 'Astro');
INSERT INTO modelos (`id_modelo`, `id_marca`, `modelo`) VALUES ('113', '10', 'Aveo');
INSERT INTO modelos (`id_modelo`, `id_marca`, `modelo`) VALUES ('114', '10', 'Blazer');
INSERT INTO modelos (`id_modelo`, `id_marca`, `modelo`) VALUES ('115', '10', 'Camaro');
INSERT INTO modelos (`id_modelo`, `id_marca`, `modelo`) VALUES ('116', '10', 'Captiva');
INSERT INTO modelos (`id_modelo`, `id_marca`, `modelo`) VALUES ('117', '10', 'Corvette');
INSERT INTO modelos (`id_modelo`, `id_marca`, `modelo`) VALUES ('118', '10', 'Corvette Stingray');
INSERT INTO modelos (`id_modelo`, `id_marca`, `modelo`) VALUES ('119', '10', 'Cruze');
INSERT INTO modelos (`id_modelo`, `id_marca`, `modelo`) VALUES ('120', '10', 'Epica');
INSERT INTO modelos (`id_modelo`, `id_marca`, `modelo`) VALUES ('121', '10', 'Evanda');
INSERT INTO modelos (`id_modelo`, `id_marca`, `modelo`) VALUES ('122', '10', 'HHR');
INSERT INTO modelos (`id_modelo`, `id_marca`, `modelo`) VALUES ('123', '10', 'Kalos');
INSERT INTO modelos (`id_modelo`, `id_marca`, `modelo`) VALUES ('124', '10', 'Lacetti');
INSERT INTO modelos (`id_modelo`, `id_marca`, `modelo`) VALUES ('125', '10', 'Malibu');
INSERT INTO modelos (`id_modelo`, `id_marca`, `modelo`) VALUES ('126', '10', 'Matiz');
INSERT INTO modelos (`id_modelo`, `id_marca`, `modelo`) VALUES ('127', '10', 'Nubira');
INSERT INTO modelos (`id_modelo`, `id_marca`, `modelo`) VALUES ('128', '10', 'Orlando');
INSERT INTO modelos (`id_modelo`, `id_marca`, `modelo`) VALUES ('129', '10', 'Spark');
INSERT INTO modelos (`id_modelo`, `id_marca`, `modelo`) VALUES ('130', '10', 'Tacuma');
INSERT INTO modelos (`id_modelo`, `id_marca`, `modelo`) VALUES ('131', '10', 'Tahoe');
INSERT INTO modelos (`id_modelo`, `id_marca`, `modelo`) VALUES ('132', '10', 'TrailBlazer');
INSERT INTO modelos (`id_modelo`, `id_marca`, `modelo`) VALUES ('133', '10', 'Trans Sport');
INSERT INTO modelos (`id_modelo`, `id_marca`, `modelo`) VALUES ('134', '10', 'Trax');
INSERT INTO modelos (`id_modelo`, `id_marca`, `modelo`) VALUES ('135', '10', 'Volt');
INSERT INTO modelos (`id_modelo`, `id_marca`, `modelo`) VALUES ('136', '11', '300C');
INSERT INTO modelos (`id_modelo`, `id_marca`, `modelo`) VALUES ('137', '11', '300M');
INSERT INTO modelos (`id_modelo`, `id_marca`, `modelo`) VALUES ('138', '11', 'Crossfire');
INSERT INTO modelos (`id_modelo`, `id_marca`, `modelo`) VALUES ('139', '11', 'Grand Voyager');
INSERT INTO modelos (`id_modelo`, `id_marca`, `modelo`) VALUES ('140', '11', 'Le Baron');
INSERT INTO modelos (`id_modelo`, `id_marca`, `modelo`) VALUES ('141', '11', 'Neon');
INSERT INTO modelos (`id_modelo`, `id_marca`, `modelo`) VALUES ('142', '11', 'New Yorker');
INSERT INTO modelos (`id_modelo`, `id_marca`, `modelo`) VALUES ('143', '11', 'PT Cruiser');
INSERT INTO modelos (`id_modelo`, `id_marca`, `modelo`) VALUES ('144', '11', 'Saratoga');
INSERT INTO modelos (`id_modelo`, `id_marca`, `modelo`) VALUES ('145', '11', 'Sebring');
INSERT INTO modelos (`id_modelo`, `id_marca`, `modelo`) VALUES ('146', '11', 'Sebring 200C');
INSERT INTO modelos (`id_modelo`, `id_marca`, `modelo`) VALUES ('147', '11', 'Stratus');
INSERT INTO modelos (`id_modelo`, `id_marca`, `modelo`) VALUES ('148', '11', 'Viper');
INSERT INTO modelos (`id_modelo`, `id_marca`, `modelo`) VALUES ('149', '11', 'Vision');
INSERT INTO modelos (`id_modelo`, `id_marca`, `modelo`) VALUES ('150', '11', 'Voyager');
INSERT INTO modelos (`id_modelo`, `id_marca`, `modelo`) VALUES ('151', '12', '2CV');
INSERT INTO modelos (`id_modelo`, `id_marca`, `modelo`) VALUES ('152', '12', 'AX');
INSERT INTO modelos (`id_modelo`, `id_marca`, `modelo`) VALUES ('153', '12', 'Berlingo');
INSERT INTO modelos (`id_modelo`, `id_marca`, `modelo`) VALUES ('154', '12', 'Berlingo First');
INSERT INTO modelos (`id_modelo`, `id_marca`, `modelo`) VALUES ('155', '12', 'BX');
INSERT INTO modelos (`id_modelo`, `id_marca`, `modelo`) VALUES ('156', '12', 'C1');
INSERT INTO modelos (`id_modelo`, `id_marca`, `modelo`) VALUES ('157', '12', 'C-15');
INSERT INTO modelos (`id_modelo`, `id_marca`, `modelo`) VALUES ('158', '12', 'C2');
INSERT INTO modelos (`id_modelo`, `id_marca`, `modelo`) VALUES ('159', '12', 'C25');
INSERT INTO modelos (`id_modelo`, `id_marca`, `modelo`) VALUES ('160', '12', 'C3');
INSERT INTO modelos (`id_modelo`, `id_marca`, `modelo`) VALUES ('161', '12', 'C3 Aircross');
INSERT INTO modelos (`id_modelo`, `id_marca`, `modelo`) VALUES ('162', '12', 'C3 Picasso');
INSERT INTO modelos (`id_modelo`, `id_marca`, `modelo`) VALUES ('163', '12', 'C3 Pluriel');
INSERT INTO modelos (`id_modelo`, `id_marca`, `modelo`) VALUES ('164', '12', 'C4');
INSERT INTO modelos (`id_modelo`, `id_marca`, `modelo`) VALUES ('165', '12', 'C4 Aircross');
INSERT INTO modelos (`id_modelo`, `id_marca`, `modelo`) VALUES ('166', '12', 'C4 Sedán');
INSERT INTO modelos (`id_modelo`, `id_marca`, `modelo`) VALUES ('167', '12', 'C4 Spacetour');
INSERT INTO modelos (`id_modelo`, `id_marca`, `modelo`) VALUES ('168', '12', 'C5');
INSERT INTO modelos (`id_modelo`, `id_marca`, `modelo`) VALUES ('169', '12', 'C5 Aircross');
INSERT INTO modelos (`id_modelo`, `id_marca`, `modelo`) VALUES ('170', '12', 'C6');
INSERT INTO modelos (`id_modelo`, `id_marca`, `modelo`) VALUES ('171', '12', 'C8');
INSERT INTO modelos (`id_modelo`, `id_marca`, `modelo`) VALUES ('172', '12', 'C-Crosser');
INSERT INTO modelos (`id_modelo`, `id_marca`, `modelo`) VALUES ('173', '12', 'C-Elysée');
INSERT INTO modelos (`id_modelo`, `id_marca`, `modelo`) VALUES ('174', '12', 'CX');
INSERT INTO modelos (`id_modelo`, `id_marca`, `modelo`) VALUES ('175', '12', 'C-Zero');
INSERT INTO modelos (`id_modelo`, `id_marca`, `modelo`) VALUES ('176', '12', 'DS3');
INSERT INTO modelos (`id_modelo`, `id_marca`, `modelo`) VALUES ('177', '12', 'DS4');
INSERT INTO modelos (`id_modelo`, `id_marca`, `modelo`) VALUES ('178', '12', 'DS5');
INSERT INTO modelos (`id_modelo`, `id_marca`, `modelo`) VALUES ('179', '12', 'E-Mehari');
INSERT INTO modelos (`id_modelo`, `id_marca`, `modelo`) VALUES ('180', '12', 'Evasión');
INSERT INTO modelos (`id_modelo`, `id_marca`, `modelo`) VALUES ('181', '12', 'Grand C4 Picasso');
INSERT INTO modelos (`id_modelo`, `id_marca`, `modelo`) VALUES ('182', '12', 'Grand C4 Spacetourer');
INSERT INTO modelos (`id_modelo`, `id_marca`, `modelo`) VALUES ('183', '12', 'GSA');
INSERT INTO modelos (`id_modelo`, `id_marca`, `modelo`) VALUES ('184', '12', 'Jumper');
INSERT INTO modelos (`id_modelo`, `id_marca`, `modelo`) VALUES ('185', '12', 'Jumpy');
INSERT INTO modelos (`id_modelo`, `id_marca`, `modelo`) VALUES ('186', '12', 'LNA');
INSERT INTO modelos (`id_modelo`, `id_marca`, `modelo`) VALUES ('187', '12', 'Nemo');
INSERT INTO modelos (`id_modelo`, `id_marca`, `modelo`) VALUES ('188', '12', 'Saxo');
INSERT INTO modelos (`id_modelo`, `id_marca`, `modelo`) VALUES ('189', '12', 'Spacetourer');
INSERT INTO modelos (`id_modelo`, `id_marca`, `modelo`) VALUES ('190', '12', 'Visa');
INSERT INTO modelos (`id_modelo`, `id_marca`, `modelo`) VALUES ('191', '12', 'Xantia');
INSERT INTO modelos (`id_modelo`, `id_marca`, `modelo`) VALUES ('192', '12', 'XM');
INSERT INTO modelos (`id_modelo`, `id_marca`, `modelo`) VALUES ('193', '12', 'Xsara');
INSERT INTO modelos (`id_modelo`, `id_marca`, `modelo`) VALUES ('194', '12', 'Xsara Picasso');
INSERT INTO modelos (`id_modelo`, `id_marca`, `modelo`) VALUES ('195', '12', 'ZX');
INSERT INTO modelos (`id_modelo`, `id_marca`, `modelo`) VALUES ('196', '13', 'Corvette');
INSERT INTO modelos (`id_modelo`, `id_marca`, `modelo`) VALUES ('197', '14', 'Contac');
INSERT INTO modelos (`id_modelo`, `id_marca`, `modelo`) VALUES ('198', '14', 'Dokker');
INSERT INTO modelos (`id_modelo`, `id_marca`, `modelo`) VALUES ('199', '14', 'Duster');
INSERT INTO modelos (`id_modelo`, `id_marca`, `modelo`) VALUES ('200', '14', 'Lodgy');
INSERT INTO modelos (`id_modelo`, `id_marca`, `modelo`) VALUES ('201', '14', 'Logan');
INSERT INTO modelos (`id_modelo`, `id_marca`, `modelo`) VALUES ('202', '14', 'Sandero');
INSERT INTO modelos (`id_modelo`, `id_marca`, `modelo`) VALUES ('203', '15', 'Aranos');
INSERT INTO modelos (`id_modelo`, `id_marca`, `modelo`) VALUES ('204', '15', 'Compact');
INSERT INTO modelos (`id_modelo`, `id_marca`, `modelo`) VALUES ('205', '15', 'Evanda');
INSERT INTO modelos (`id_modelo`, `id_marca`, `modelo`) VALUES ('206', '15', 'Kalos');
INSERT INTO modelos (`id_modelo`, `id_marca`, `modelo`) VALUES ('207', '15', 'Lacetti');
INSERT INTO modelos (`id_modelo`, `id_marca`, `modelo`) VALUES ('208', '15', 'Lanos');
INSERT INTO modelos (`id_modelo`, `id_marca`, `modelo`) VALUES ('209', '15', 'Leganza');
INSERT INTO modelos (`id_modelo`, `id_marca`, `modelo`) VALUES ('210', '15', 'Matiz');
INSERT INTO modelos (`id_modelo`, `id_marca`, `modelo`) VALUES ('211', '15', 'Nexia');
INSERT INTO modelos (`id_modelo`, `id_marca`, `modelo`) VALUES ('212', '15', 'Nubira');
INSERT INTO modelos (`id_modelo`, `id_marca`, `modelo`) VALUES ('213', '15', 'Nubira Compact');
INSERT INTO modelos (`id_modelo`, `id_marca`, `modelo`) VALUES ('214', '15', 'Tacuma');
INSERT INTO modelos (`id_modelo`, `id_marca`, `modelo`) VALUES ('215', '16', 'Applause');
INSERT INTO modelos (`id_modelo`, `id_marca`, `modelo`) VALUES ('216', '16', 'Charade');
INSERT INTO modelos (`id_modelo`, `id_marca`, `modelo`) VALUES ('217', '16', 'Feroza');
INSERT INTO modelos (`id_modelo`, `id_marca`, `modelo`) VALUES ('218', '16', 'Rocky');
INSERT INTO modelos (`id_modelo`, `id_marca`, `modelo`) VALUES ('219', '16', 'Sirion');
INSERT INTO modelos (`id_modelo`, `id_marca`, `modelo`) VALUES ('220', '16', 'Terios');
INSERT INTO modelos (`id_modelo`, `id_marca`, `modelo`) VALUES ('221', '17', 'Double Six');
INSERT INTO modelos (`id_modelo`, `id_marca`, `modelo`) VALUES ('222', '17', 'Series XJ');
INSERT INTO modelos (`id_modelo`, `id_marca`, `modelo`) VALUES ('223', '17', 'Serie III');
INSERT INTO modelos (`id_modelo`, `id_marca`, `modelo`) VALUES ('224', '17', 'Six');
INSERT INTO modelos (`id_modelo`, `id_marca`, `modelo`) VALUES ('225', '17', 'XJ');
INSERT INTO modelos (`id_modelo`, `id_marca`, `modelo`) VALUES ('226', '18', 'Serie K');
INSERT INTO modelos (`id_modelo`, `id_marca`, `modelo`) VALUES ('227', '18', 'Serie V');
INSERT INTO modelos (`id_modelo`, `id_marca`, `modelo`) VALUES ('228', '19', 'Avenger');
INSERT INTO modelos (`id_modelo`, `id_marca`, `modelo`) VALUES ('229', '19', 'Caliber');
INSERT INTO modelos (`id_modelo`, `id_marca`, `modelo`) VALUES ('230', '19', 'Journey');
INSERT INTO modelos (`id_modelo`, `id_marca`, `modelo`) VALUES ('231', '19', 'Nitro');
INSERT INTO modelos (`id_modelo`, `id_marca`, `modelo`) VALUES ('232', '19', 'Viper');
INSERT INTO modelos (`id_modelo`, `id_marca`, `modelo`) VALUES ('233', '20', 'DS 3');
INSERT INTO modelos (`id_modelo`, `id_marca`, `modelo`) VALUES ('234', '20', 'DS 4');
INSERT INTO modelos (`id_modelo`, `id_marca`, `modelo`) VALUES ('235', '20', 'DS 4 Crossback');
INSERT INTO modelos (`id_modelo`, `id_marca`, `modelo`) VALUES ('236', '20', 'DS 5');
INSERT INTO modelos (`id_modelo`, `id_marca`, `modelo`) VALUES ('237', '20', 'DS 7 Crossback');
INSERT INTO modelos (`id_modelo`, `id_marca`, `modelo`) VALUES ('238', '21', '328');
INSERT INTO modelos (`id_modelo`, `id_marca`, `modelo`) VALUES ('239', '21', '348');
INSERT INTO modelos (`id_modelo`, `id_marca`, `modelo`) VALUES ('240', '21', '355');
INSERT INTO modelos (`id_modelo`, `id_marca`, `modelo`) VALUES ('241', '21', '360');
INSERT INTO modelos (`id_modelo`, `id_marca`, `modelo`) VALUES ('242', '21', '412');
INSERT INTO modelos (`id_modelo`, `id_marca`, `modelo`) VALUES ('243', '21', '430');
INSERT INTO modelos (`id_modelo`, `id_marca`, `modelo`) VALUES ('244', '21', '456');
INSERT INTO modelos (`id_modelo`, `id_marca`, `modelo`) VALUES ('245', '21', '456M');
INSERT INTO modelos (`id_modelo`, `id_marca`, `modelo`) VALUES ('246', '21', '458');
INSERT INTO modelos (`id_modelo`, `id_marca`, `modelo`) VALUES ('247', '21', '488');
INSERT INTO modelos (`id_modelo`, `id_marca`, `modelo`) VALUES ('248', '21', '488 GTB');
INSERT INTO modelos (`id_modelo`, `id_marca`, `modelo`) VALUES ('249', '21', '512');
INSERT INTO modelos (`id_modelo`, `id_marca`, `modelo`) VALUES ('250', '21', '550 Maranello');
INSERT INTO modelos (`id_modelo`, `id_marca`, `modelo`) VALUES ('251', '21', '575M Maranello');
INSERT INTO modelos (`id_modelo`, `id_marca`, `modelo`) VALUES ('252', '21', '599');
INSERT INTO modelos (`id_modelo`, `id_marca`, `modelo`) VALUES ('253', '21', '612');
INSERT INTO modelos (`id_modelo`, `id_marca`, `modelo`) VALUES ('254', '21', '812');
INSERT INTO modelos (`id_modelo`, `id_marca`, `modelo`) VALUES ('255', '21', 'California');
INSERT INTO modelos (`id_modelo`, `id_marca`, `modelo`) VALUES ('256', '21', 'Enzo');
INSERT INTO modelos (`id_modelo`, `id_marca`, `modelo`) VALUES ('257', '21', 'F12');
INSERT INTO modelos (`id_modelo`, `id_marca`, `modelo`) VALUES ('258', '21', 'F12 Berlina');
INSERT INTO modelos (`id_modelo`, `id_marca`, `modelo`) VALUES ('259', '21', 'F355');
INSERT INTO modelos (`id_modelo`, `id_marca`, `modelo`) VALUES ('260', '21', 'F40');
INSERT INTO modelos (`id_modelo`, `id_marca`, `modelo`) VALUES ('261', '21', 'F430');
INSERT INTO modelos (`id_modelo`, `id_marca`, `modelo`) VALUES ('262', '21', 'F50');
INSERT INTO modelos (`id_modelo`, `id_marca`, `modelo`) VALUES ('263', '21', 'F512 M');
INSERT INTO modelos (`id_modelo`, `id_marca`, `modelo`) VALUES ('264', '21', 'FF');
INSERT INTO modelos (`id_modelo`, `id_marca`, `modelo`) VALUES ('265', '21', 'GTC4');
INSERT INTO modelos (`id_modelo`, `id_marca`, `modelo`) VALUES ('266', '21', 'LaFerrari');
INSERT INTO modelos (`id_modelo`, `id_marca`, `modelo`) VALUES ('267', '21', 'Mondial');
INSERT INTO modelos (`id_modelo`, `id_marca`, `modelo`) VALUES ('268', '21', 'Portofino');
INSERT INTO modelos (`id_modelo`, `id_marca`, `modelo`) VALUES ('269', '21', 'Superamerica');
INSERT INTO modelos (`id_modelo`, `id_marca`, `modelo`) VALUES ('270', '21', 'Testarossa');
INSERT INTO modelos (`id_modelo`, `id_marca`, `modelo`) VALUES ('271', '22', '124 Spider');
INSERT INTO modelos (`id_modelo`, `id_marca`, `modelo`) VALUES ('272', '22', '500');
INSERT INTO modelos (`id_modelo`, `id_marca`, `modelo`) VALUES ('273', '22', '500C');
INSERT INTO modelos (`id_modelo`, `id_marca`, `modelo`) VALUES ('274', '22', '500L');
INSERT INTO modelos (`id_modelo`, `id_marca`, `modelo`) VALUES ('275', '22', '500X');
INSERT INTO modelos (`id_modelo`, `id_marca`, `modelo`) VALUES ('276', '22', '600');
INSERT INTO modelos (`id_modelo`, `id_marca`, `modelo`) VALUES ('278', '22', 'Argenta');
INSERT INTO modelos (`id_modelo`, `id_marca`, `modelo`) VALUES ('279', '22', 'Barchetta');
INSERT INTO modelos (`id_modelo`, `id_marca`, `modelo`) VALUES ('280', '22', 'Brava');
INSERT INTO modelos (`id_modelo`, `id_marca`, `modelo`) VALUES ('281', '22', 'Bravo');
INSERT INTO modelos (`id_modelo`, `id_marca`, `modelo`) VALUES ('282', '22', 'Cinquecento');
INSERT INTO modelos (`id_modelo`, `id_marca`, `modelo`) VALUES ('283', '22', 'Coupé');
INSERT INTO modelos (`id_modelo`, `id_marca`, `modelo`) VALUES ('284', '22', 'Croma');
INSERT INTO modelos (`id_modelo`, `id_marca`, `modelo`) VALUES ('285', '22', 'Dobló');
INSERT INTO modelos (`id_modelo`, `id_marca`, `modelo`) VALUES ('286', '22', 'Dobló Cargo');
INSERT INTO modelos (`id_modelo`, `id_marca`, `modelo`) VALUES ('287', '22', 'Ducato');
INSERT INTO modelos (`id_modelo`, `id_marca`, `modelo`) VALUES ('288', '22', 'Fiorino');
INSERT INTO modelos (`id_modelo`, `id_marca`, `modelo`) VALUES ('289', '22', 'Freemont');
INSERT INTO modelos (`id_modelo`, `id_marca`, `modelo`) VALUES ('290', '22', 'Fullback');
INSERT INTO modelos (`id_modelo`, `id_marca`, `modelo`) VALUES ('291', '22', 'Grande Punto');
INSERT INTO modelos (`id_modelo`, `id_marca`, `modelo`) VALUES ('292', '22', 'Idea');
INSERT INTO modelos (`id_modelo`, `id_marca`, `modelo`) VALUES ('293', '22', 'Linea');
INSERT INTO modelos (`id_modelo`, `id_marca`, `modelo`) VALUES ('294', '22', 'Marea');
INSERT INTO modelos (`id_modelo`, `id_marca`, `modelo`) VALUES ('295', '22', 'Multipla');
INSERT INTO modelos (`id_modelo`, `id_marca`, `modelo`) VALUES ('296', '22', 'Palio Weekend');
INSERT INTO modelos (`id_modelo`, `id_marca`, `modelo`) VALUES ('297', '22', 'Panda');
INSERT INTO modelos (`id_modelo`, `id_marca`, `modelo`) VALUES ('298', '22', 'Panda Classic');
INSERT INTO modelos (`id_modelo`, `id_marca`, `modelo`) VALUES ('299', '22', 'Punto EVO');
INSERT INTO modelos (`id_modelo`, `id_marca`, `modelo`) VALUES ('300', '22', 'Qubo');
INSERT INTO modelos (`id_modelo`, `id_marca`, `modelo`) VALUES ('301', '22', 'Regata');
INSERT INTO modelos (`id_modelo`, `id_marca`, `modelo`) VALUES ('302', '22', 'Ritmo');
INSERT INTO modelos (`id_modelo`, `id_marca`, `modelo`) VALUES ('303', '22', 'Sedici');
INSERT INTO modelos (`id_modelo`, `id_marca`, `modelo`) VALUES ('304', '22', 'Seicento');
INSERT INTO modelos (`id_modelo`, `id_marca`, `modelo`) VALUES ('305', '22', 'Stilo');
INSERT INTO modelos (`id_modelo`, `id_marca`, `modelo`) VALUES ('306', '22', 'Strada');
INSERT INTO modelos (`id_modelo`, `id_marca`, `modelo`) VALUES ('307', '22', 'Talento');
INSERT INTO modelos (`id_modelo`, `id_marca`, `modelo`) VALUES ('308', '22', 'Tempra');
INSERT INTO modelos (`id_modelo`, `id_marca`, `modelo`) VALUES ('309', '22', 'Tipo');
INSERT INTO modelos (`id_modelo`, `id_marca`, `modelo`) VALUES ('310', '22', 'Ulysee');
INSERT INTO modelos (`id_modelo`, `id_marca`, `modelo`) VALUES ('311', '22', 'Uno');
INSERT INTO modelos (`id_modelo`, `id_marca`, `modelo`) VALUES ('312', '23', 'B-MAX');
INSERT INTO modelos (`id_modelo`, `id_marca`, `modelo`) VALUES ('313', '23', 'Capri');
INSERT INTO modelos (`id_modelo`, `id_marca`, `modelo`) VALUES ('314', '23', 'C-Max');
INSERT INTO modelos (`id_modelo`, `id_marca`, `modelo`) VALUES ('315', '23', 'Connect');
INSERT INTO modelos (`id_modelo`, `id_marca`, `modelo`) VALUES ('316', '23', 'Cougar');
INSERT INTO modelos (`id_modelo`, `id_marca`, `modelo`) VALUES ('317', '23', 'Courier');
INSERT INTO modelos (`id_modelo`, `id_marca`, `modelo`) VALUES ('318', '23', 'EcoSport');
INSERT INTO modelos (`id_modelo`, `id_marca`, `modelo`) VALUES ('319', '23', 'Edge');
INSERT INTO modelos (`id_modelo`, `id_marca`, `modelo`) VALUES ('320', '23', 'Escort');
INSERT INTO modelos (`id_modelo`, `id_marca`, `modelo`) VALUES ('321', '23', 'Explorer');
INSERT INTO modelos (`id_modelo`, `id_marca`, `modelo`) VALUES ('322', '23', 'Fiesta');
INSERT INTO modelos (`id_modelo`, `id_marca`, `modelo`) VALUES ('323', '23', 'Focus');
INSERT INTO modelos (`id_modelo`, `id_marca`, `modelo`) VALUES ('324', '23', 'Focus C-MAX');
INSERT INTO modelos (`id_modelo`, `id_marca`, `modelo`) VALUES ('325', '23', 'Fusion');
INSERT INTO modelos (`id_modelo`, `id_marca`, `modelo`) VALUES ('326', '23', 'Galaxy');
INSERT INTO modelos (`id_modelo`, `id_marca`, `modelo`) VALUES ('327', '23', 'Granada');
INSERT INTO modelos (`id_modelo`, `id_marca`, `modelo`) VALUES ('328', '23', 'Grand C-MAX');
INSERT INTO modelos (`id_modelo`, `id_marca`, `modelo`) VALUES ('329', '23', 'Grand Tourneo Connect');
INSERT INTO modelos (`id_modelo`, `id_marca`, `modelo`) VALUES ('330', '23', 'Grand Tourneo Custom');
INSERT INTO modelos (`id_modelo`, `id_marca`, `modelo`) VALUES ('331', '23', 'KA');
INSERT INTO modelos (`id_modelo`, `id_marca`, `modelo`) VALUES ('332', '23', 'Ka+');
INSERT INTO modelos (`id_modelo`, `id_marca`, `modelo`) VALUES ('333', '23', 'Kuga');
INSERT INTO modelos (`id_modelo`, `id_marca`, `modelo`) VALUES ('334', '23', 'Maverick');
INSERT INTO modelos (`id_modelo`, `id_marca`, `modelo`) VALUES ('335', '23', 'Mondeo');
INSERT INTO modelos (`id_modelo`, `id_marca`, `modelo`) VALUES ('336', '23', 'Mustang');
INSERT INTO modelos (`id_modelo`, `id_marca`, `modelo`) VALUES ('337', '23', 'Orion');
INSERT INTO modelos (`id_modelo`, `id_marca`, `modelo`) VALUES ('338', '23', 'Pick Up');
INSERT INTO modelos (`id_modelo`, `id_marca`, `modelo`) VALUES ('339', '23', 'Probe');
INSERT INTO modelos (`id_modelo`, `id_marca`, `modelo`) VALUES ('340', '23', 'Puma');
INSERT INTO modelos (`id_modelo`, `id_marca`, `modelo`) VALUES ('679', '23', 'Ranger');
INSERT INTO modelos (`id_modelo`, `id_marca`, `modelo`) VALUES ('341', '23', 'Scorpio');
INSERT INTO modelos (`id_modelo`, `id_marca`, `modelo`) VALUES ('342', '23', 'Sierra');
INSERT INTO modelos (`id_modelo`, `id_marca`, `modelo`) VALUES ('343', '23', 'S-MAX');
INSERT INTO modelos (`id_modelo`, `id_marca`, `modelo`) VALUES ('344', '23', 'StreetKa');
INSERT INTO modelos (`id_modelo`, `id_marca`, `modelo`) VALUES ('345', '23', 'Tourneo Connect');
INSERT INTO modelos (`id_modelo`, `id_marca`, `modelo`) VALUES ('346', '23', 'Tourneo Courier');
INSERT INTO modelos (`id_modelo`, `id_marca`, `modelo`) VALUES ('347', '23', 'Tourneo Custom');
INSERT INTO modelos (`id_modelo`, `id_marca`, `modelo`) VALUES ('348', '23', 'Transit');
INSERT INTO modelos (`id_modelo`, `id_marca`, `modelo`) VALUES ('349', '23', 'Transin Connect');
INSERT INTO modelos (`id_modelo`, `id_marca`, `modelo`) VALUES ('350', '23', 'Transit Courier');
INSERT INTO modelos (`id_modelo`, `id_marca`, `modelo`) VALUES ('351', '24', 'Exceed');
INSERT INTO modelos (`id_modelo`, `id_marca`, `modelo`) VALUES ('352', '24', 'Santamo');
INSERT INTO modelos (`id_modelo`, `id_marca`, `modelo`) VALUES ('353', '24', 'SuperExceed');
INSERT INTO modelos (`id_modelo`, `id_marca`, `modelo`) VALUES ('354', '25', 'Accord');
INSERT INTO modelos (`id_modelo`, `id_marca`, `modelo`) VALUES ('355', '25', 'Civic');
INSERT INTO modelos (`id_modelo`, `id_marca`, `modelo`) VALUES ('356', '25', 'Concerto');
INSERT INTO modelos (`id_modelo`, `id_marca`, `modelo`) VALUES ('357', '25', 'CR-V');
INSERT INTO modelos (`id_modelo`, `id_marca`, `modelo`) VALUES ('358', '25', 'CRX');
INSERT INTO modelos (`id_modelo`, `id_marca`, `modelo`) VALUES ('359', '25', 'CR-Z');
INSERT INTO modelos (`id_modelo`, `id_marca`, `modelo`) VALUES ('360', '25', 'FR-V');
INSERT INTO modelos (`id_modelo`, `id_marca`, `modelo`) VALUES ('361', '25', 'HR-V');
INSERT INTO modelos (`id_modelo`, `id_marca`, `modelo`) VALUES ('362', '25', 'Insight');
INSERT INTO modelos (`id_modelo`, `id_marca`, `modelo`) VALUES ('363', '25', 'Jazz');
INSERT INTO modelos (`id_modelo`, `id_marca`, `modelo`) VALUES ('364', '25', 'Legend');
INSERT INTO modelos (`id_modelo`, `id_marca`, `modelo`) VALUES ('365', '25', 'Logo');
INSERT INTO modelos (`id_modelo`, `id_marca`, `modelo`) VALUES ('366', '25', 'NSX');
INSERT INTO modelos (`id_modelo`, `id_marca`, `modelo`) VALUES ('367', '25', 'Prelude');
INSERT INTO modelos (`id_modelo`, `id_marca`, `modelo`) VALUES ('368', '25', 'S2000');
INSERT INTO modelos (`id_modelo`, `id_marca`, `modelo`) VALUES ('369', '25', 'Stream');
INSERT INTO modelos (`id_modelo`, `id_marca`, `modelo`) VALUES ('370', '26', 'H2');
INSERT INTO modelos (`id_modelo`, `id_marca`, `modelo`) VALUES ('371', '26', 'H3');
INSERT INTO modelos (`id_modelo`, `id_marca`, `modelo`) VALUES ('372', '26', 'H3T');
INSERT INTO modelos (`id_modelo`, `id_marca`, `modelo`) VALUES ('373', '27', 'Accent');
INSERT INTO modelos (`id_modelo`, `id_marca`, `modelo`) VALUES ('374', '27', 'Atos');
INSERT INTO modelos (`id_modelo`, `id_marca`, `modelo`) VALUES ('375', '27', 'Atos Prime');
INSERT INTO modelos (`id_modelo`, `id_marca`, `modelo`) VALUES ('376', '27', 'Coupé');
INSERT INTO modelos (`id_modelo`, `id_marca`, `modelo`) VALUES ('377', '27', 'Elantra');
INSERT INTO modelos (`id_modelo`, `id_marca`, `modelo`) VALUES ('378', '27', 'Genesis');
INSERT INTO modelos (`id_modelo`, `id_marca`, `modelo`) VALUES ('379', '27', 'Getz');
INSERT INTO modelos (`id_modelo`, `id_marca`, `modelo`) VALUES ('380', '27', 'Grand Santa Fe');
INSERT INTO modelos (`id_modelo`, `id_marca`, `modelo`) VALUES ('381', '27', 'Grandeur');
INSERT INTO modelos (`id_modelo`, `id_marca`, `modelo`) VALUES ('382', '27', 'H-1');
INSERT INTO modelos (`id_modelo`, `id_marca`, `modelo`) VALUES ('383', '27', 'H-1 Travel');
INSERT INTO modelos (`id_modelo`, `id_marca`, `modelo`) VALUES ('384', '27', 'i10');
INSERT INTO modelos (`id_modelo`, `id_marca`, `modelo`) VALUES ('385', '27', 'i20');
INSERT INTO modelos (`id_modelo`, `id_marca`, `modelo`) VALUES ('386', '27', 'i20 Active');
INSERT INTO modelos (`id_modelo`, `id_marca`, `modelo`) VALUES ('387', '27', 'i30');
INSERT INTO modelos (`id_modelo`, `id_marca`, `modelo`) VALUES ('388', '27', 'i40');
INSERT INTO modelos (`id_modelo`, `id_marca`, `modelo`) VALUES ('389', '27', 'i800');
INSERT INTO modelos (`id_modelo`, `id_marca`, `modelo`) VALUES ('390', '27', 'IONIQ');
INSERT INTO modelos (`id_modelo`, `id_marca`, `modelo`) VALUES ('391', '27', 'ix20');
INSERT INTO modelos (`id_modelo`, `id_marca`, `modelo`) VALUES ('392', '27', 'ix35');
INSERT INTO modelos (`id_modelo`, `id_marca`, `modelo`) VALUES ('393', '27', 'ix55');
INSERT INTO modelos (`id_modelo`, `id_marca`, `modelo`) VALUES ('394', '27', 'Kona');
INSERT INTO modelos (`id_modelo`, `id_marca`, `modelo`) VALUES ('395', '27', 'Lantra');
INSERT INTO modelos (`id_modelo`, `id_marca`, `modelo`) VALUES ('396', '27', 'Matrix');
INSERT INTO modelos (`id_modelo`, `id_marca`, `modelo`) VALUES ('397', '27', 'Nexo');
INSERT INTO modelos (`id_modelo`, `id_marca`, `modelo`) VALUES ('398', '27', 'Pony');
INSERT INTO modelos (`id_modelo`, `id_marca`, `modelo`) VALUES ('399', '27', 'Scoupe');
INSERT INTO modelos (`id_modelo`, `id_marca`, `modelo`) VALUES ('400', '27', 'Sonata');
INSERT INTO modelos (`id_modelo`, `id_marca`, `modelo`) VALUES ('401', '27', 'Sonata FL');
INSERT INTO modelos (`id_modelo`, `id_marca`, `modelo`) VALUES ('402', '27', 'Terracan');
INSERT INTO modelos (`id_modelo`, `id_marca`, `modelo`) VALUES ('403', '27', 'Trajet');
INSERT INTO modelos (`id_modelo`, `id_marca`, `modelo`) VALUES ('404', '27', 'TUCSON');
INSERT INTO modelos (`id_modelo`, `id_marca`, `modelo`) VALUES ('405', '27', 'Veloster');
INSERT INTO modelos (`id_modelo`, `id_marca`, `modelo`) VALUES ('406', '27', 'XG');
INSERT INTO modelos (`id_modelo`, `id_marca`, `modelo`) VALUES ('407', '28', 'EX');
INSERT INTO modelos (`id_modelo`, `id_marca`, `modelo`) VALUES ('408', '28', 'FX');
INSERT INTO modelos (`id_modelo`, `id_marca`, `modelo`) VALUES ('409', '28', 'G');
INSERT INTO modelos (`id_modelo`, `id_marca`, `modelo`) VALUES ('410', '28', 'M');
INSERT INTO modelos (`id_modelo`, `id_marca`, `modelo`) VALUES ('411', '28', 'Q30');
INSERT INTO modelos (`id_modelo`, `id_marca`, `modelo`) VALUES ('412', '28', 'Q550');
INSERT INTO modelos (`id_modelo`, `id_marca`, `modelo`) VALUES ('413', '28', 'Q60');
INSERT INTO modelos (`id_modelo`, `id_marca`, `modelo`) VALUES ('414', '28', 'Q70');
INSERT INTO modelos (`id_modelo`, `id_marca`, `modelo`) VALUES ('415', '28', 'QX30');
INSERT INTO modelos (`id_modelo`, `id_marca`, `modelo`) VALUES ('416', '28', 'QX50');
INSERT INTO modelos (`id_modelo`, `id_marca`, `modelo`) VALUES ('417', '28', 'QX70');
INSERT INTO modelos (`id_modelo`, `id_marca`, `modelo`) VALUES ('418', '29', 'Elba');
INSERT INTO modelos (`id_modelo`, `id_marca`, `modelo`) VALUES ('419', '29', 'Minitre');
INSERT INTO modelos (`id_modelo`, `id_marca`, `modelo`) VALUES ('420', '30', 'D MAX');
INSERT INTO modelos (`id_modelo`, `id_marca`, `modelo`) VALUES ('421', '30', 'Pick Up');
INSERT INTO modelos (`id_modelo`, `id_marca`, `modelo`) VALUES ('422', '30', 'Rodeo');
INSERT INTO modelos (`id_modelo`, `id_marca`, `modelo`) VALUES ('423', '30', 'Trooper');
INSERT INTO modelos (`id_modelo`, `id_marca`, `modelo`) VALUES ('424', '31', 'Daily');
INSERT INTO modelos (`id_modelo`, `id_marca`, `modelo`) VALUES ('425', '31', 'Massif');
INSERT INTO modelos (`id_modelo`, `id_marca`, `modelo`) VALUES ('426', '32', 'E-Pace');
INSERT INTO modelos (`id_modelo`, `id_marca`, `modelo`) VALUES ('427', '32', 'F-Pace');
INSERT INTO modelos (`id_modelo`, `id_marca`, `modelo`) VALUES ('428', '32', 'F-Type');
INSERT INTO modelos (`id_modelo`, `id_marca`, `modelo`) VALUES ('429', '32', 'i-Pace');
INSERT INTO modelos (`id_modelo`, `id_marca`, `modelo`) VALUES ('430', '32', 'Serie XJ');
INSERT INTO modelos (`id_modelo`, `id_marca`, `modelo`) VALUES ('431', '32', 'Serie XK');
INSERT INTO modelos (`id_modelo`, `id_marca`, `modelo`) VALUES ('432', '32', 'S-Type');
INSERT INTO modelos (`id_modelo`, `id_marca`, `modelo`) VALUES ('433', '32', 'XE');
INSERT INTO modelos (`id_modelo`, `id_marca`, `modelo`) VALUES ('434', '32', 'XF');
INSERT INTO modelos (`id_modelo`, `id_marca`, `modelo`) VALUES ('435', '32', 'XJ');
INSERT INTO modelos (`id_modelo`, `id_marca`, `modelo`) VALUES ('436', '32', 'X-Type');
INSERT INTO modelos (`id_modelo`, `id_marca`, `modelo`) VALUES ('437', '33', 'Cherokee');
INSERT INTO modelos (`id_modelo`, `id_marca`, `modelo`) VALUES ('438', '33', 'Commander');
INSERT INTO modelos (`id_modelo`, `id_marca`, `modelo`) VALUES ('439', '33', 'Compass');
INSERT INTO modelos (`id_modelo`, `id_marca`, `modelo`) VALUES ('440', '33', 'Grand Cherokee');
INSERT INTO modelos (`id_modelo`, `id_marca`, `modelo`) VALUES ('441', '33', 'Patriot');
INSERT INTO modelos (`id_modelo`, `id_marca`, `modelo`) VALUES ('442', '33', 'Renegade');
INSERT INTO modelos (`id_modelo`, `id_marca`, `modelo`) VALUES ('443', '33', 'Wrangler');
INSERT INTO modelos (`id_modelo`, `id_marca`, `modelo`) VALUES ('444', '33', 'Wrangler Unlimited');
INSERT INTO modelos (`id_modelo`, `id_marca`, `modelo`) VALUES ('445', '34', 'Carens');
INSERT INTO modelos (`id_modelo`, `id_marca`, `modelo`) VALUES ('446', '34', 'Carnival');
INSERT INTO modelos (`id_modelo`, `id_marca`, `modelo`) VALUES ('447', '34', 'cee\'d');
INSERT INTO modelos (`id_modelo`, `id_marca`, `modelo`) VALUES ('448', '34', 'cee\'d Sportwagon');
INSERT INTO modelos (`id_modelo`, `id_marca`, `modelo`) VALUES ('449', '34', 'Cerato');
INSERT INTO modelos (`id_modelo`, `id_marca`, `modelo`) VALUES ('450', '34', 'Clarus');
INSERT INTO modelos (`id_modelo`, `id_marca`, `modelo`) VALUES ('451', '34', 'Joice');
INSERT INTO modelos (`id_modelo`, `id_marca`, `modelo`) VALUES ('452', '34', 'k2500');
INSERT INTO modelos (`id_modelo`, `id_marca`, `modelo`) VALUES ('453', '34', 'k2500 Frontier');
INSERT INTO modelos (`id_modelo`, `id_marca`, `modelo`) VALUES ('454', '34', 'Magentis');
INSERT INTO modelos (`id_modelo`, `id_marca`, `modelo`) VALUES ('455', '34', 'Niro');
INSERT INTO modelos (`id_modelo`, `id_marca`, `modelo`) VALUES ('456', '34', 'Niro Hibrido Enchufable');
INSERT INTO modelos (`id_modelo`, `id_marca`, `modelo`) VALUES ('457', '34', 'Opirus');
INSERT INTO modelos (`id_modelo`, `id_marca`, `modelo`) VALUES ('458', '34', 'Optima');
INSERT INTO modelos (`id_modelo`, `id_marca`, `modelo`) VALUES ('459', '34', 'Picanto');
INSERT INTO modelos (`id_modelo`, `id_marca`, `modelo`) VALUES ('460', '34', 'Pride');
INSERT INTO modelos (`id_modelo`, `id_marca`, `modelo`) VALUES ('461', '34', 'Rio');
INSERT INTO modelos (`id_modelo`, `id_marca`, `modelo`) VALUES ('462', '34', 'Sephia');
INSERT INTO modelos (`id_modelo`, `id_marca`, `modelo`) VALUES ('463', '34', 'Shuma');
INSERT INTO modelos (`id_modelo`, `id_marca`, `modelo`) VALUES ('464', '34', 'Sorento');
INSERT INTO modelos (`id_modelo`, `id_marca`, `modelo`) VALUES ('465', '34', 'Soul');
INSERT INTO modelos (`id_modelo`, `id_marca`, `modelo`) VALUES ('466', '34', 'Sportage');
INSERT INTO modelos (`id_modelo`, `id_marca`, `modelo`) VALUES ('467', '34', 'Stinger');
INSERT INTO modelos (`id_modelo`, `id_marca`, `modelo`) VALUES ('468', '34', 'Stonic');
INSERT INTO modelos (`id_modelo`, `id_marca`, `modelo`) VALUES ('469', '34', 'Venga');
INSERT INTO modelos (`id_modelo`, `id_marca`, `modelo`) VALUES ('470', '35', '214');
INSERT INTO modelos (`id_modelo`, `id_marca`, `modelo`) VALUES ('471', '35', '4X4');
INSERT INTO modelos (`id_modelo`, `id_marca`, `modelo`) VALUES ('472', '35', 'Kalina');
INSERT INTO modelos (`id_modelo`, `id_marca`, `modelo`) VALUES ('473', '35', 'Niva');
INSERT INTO modelos (`id_modelo`, `id_marca`, `modelo`) VALUES ('474', '35', 'Priora');
INSERT INTO modelos (`id_modelo`, `id_marca`, `modelo`) VALUES ('475', '35', 'Sagona');
INSERT INTO modelos (`id_modelo`, `id_marca`, `modelo`) VALUES ('476', '35', 'Samara');
INSERT INTO modelos (`id_modelo`, `id_marca`, `modelo`) VALUES ('477', '35', 'Serie 2100');
INSERT INTO modelos (`id_modelo`, `id_marca`, `modelo`) VALUES ('478', '35', 'Stawra 2110');
INSERT INTO modelos (`id_modelo`, `id_marca`, `modelo`) VALUES ('479', '36', 'Aventador');
INSERT INTO modelos (`id_modelo`, `id_marca`, `modelo`) VALUES ('480', '36', 'Gallardo');
INSERT INTO modelos (`id_modelo`, `id_marca`, `modelo`) VALUES ('481', '36', 'Huracán');
INSERT INTO modelos (`id_modelo`, `id_marca`, `modelo`) VALUES ('482', '36', 'Murcielago');
INSERT INTO modelos (`id_modelo`, `id_marca`, `modelo`) VALUES ('483', '36', 'Veneno');
INSERT INTO modelos (`id_modelo`, `id_marca`, `modelo`) VALUES ('484', '37', 'A112');
INSERT INTO modelos (`id_modelo`, `id_marca`, `modelo`) VALUES ('485', '37', 'Dedra');
INSERT INTO modelos (`id_modelo`, `id_marca`, `modelo`) VALUES ('486', '37', 'Delta');
INSERT INTO modelos (`id_modelo`, `id_marca`, `modelo`) VALUES ('487', '37', 'K');
INSERT INTO modelos (`id_modelo`, `id_marca`, `modelo`) VALUES ('488', '37', 'Kappa');
INSERT INTO modelos (`id_modelo`, `id_marca`, `modelo`) VALUES ('489', '37', 'Lybra');
INSERT INTO modelos (`id_modelo`, `id_marca`, `modelo`) VALUES ('490', '37', 'Musa');
INSERT INTO modelos (`id_modelo`, `id_marca`, `modelo`) VALUES ('491', '37', 'Phedra');
INSERT INTO modelos (`id_modelo`, `id_marca`, `modelo`) VALUES ('492', '37', 'Prisma');
INSERT INTO modelos (`id_modelo`, `id_marca`, `modelo`) VALUES ('493', '37', 'Thema');
INSERT INTO modelos (`id_modelo`, `id_marca`, `modelo`) VALUES ('494', '37', 'Thesis');
INSERT INTO modelos (`id_modelo`, `id_marca`, `modelo`) VALUES ('495', '37', 'Trevi');
INSERT INTO modelos (`id_modelo`, `id_marca`, `modelo`) VALUES ('496', '37', 'Voyager');
INSERT INTO modelos (`id_modelo`, `id_marca`, `modelo`) VALUES ('497', '37', 'Y');
INSERT INTO modelos (`id_modelo`, `id_marca`, `modelo`) VALUES ('498', '37', 'Y10');
INSERT INTO modelos (`id_modelo`, `id_marca`, `modelo`) VALUES ('499', '37', 'Ypsilon');
INSERT INTO modelos (`id_modelo`, `id_marca`, `modelo`) VALUES ('500', '37', 'Z');
INSERT INTO modelos (`id_modelo`, `id_marca`, `modelo`) VALUES ('501', '37', 'Zeta');
INSERT INTO modelos (`id_modelo`, `id_marca`, `modelo`) VALUES ('502', '38', 'Defender');
INSERT INTO modelos (`id_modelo`, `id_marca`, `modelo`) VALUES ('503', '38', 'Discovery');
INSERT INTO modelos (`id_modelo`, `id_marca`, `modelo`) VALUES ('504', '38', 'Freelander');
INSERT INTO modelos (`id_modelo`, `id_marca`, `modelo`) VALUES ('505', '38', 'Range Rover');
INSERT INTO modelos (`id_modelo`, `id_marca`, `modelo`) VALUES ('506', '39', 'Maxus');
INSERT INTO modelos (`id_modelo`, `id_marca`, `modelo`) VALUES ('507', '40', 'CT');
INSERT INTO modelos (`id_modelo`, `id_marca`, `modelo`) VALUES ('508', '40', 'ES');
INSERT INTO modelos (`id_modelo`, `id_marca`, `modelo`) VALUES ('509', '40', 'GS');
INSERT INTO modelos (`id_modelo`, `id_marca`, `modelo`) VALUES ('510', '40', 'GS300');
INSERT INTO modelos (`id_modelo`, `id_marca`, `modelo`) VALUES ('511', '40', 'GS430');
INSERT INTO modelos (`id_modelo`, `id_marca`, `modelo`) VALUES ('512', '40', 'IS');
INSERT INTO modelos (`id_modelo`, `id_marca`, `modelo`) VALUES ('513', '40', 'IS220d');
INSERT INTO modelos (`id_modelo`, `id_marca`, `modelo`) VALUES ('514', '40', 'LC');
INSERT INTO modelos (`id_modelo`, `id_marca`, `modelo`) VALUES ('515', '40', 'LS');
INSERT INTO modelos (`id_modelo`, `id_marca`, `modelo`) VALUES ('516', '40', 'LS400');
INSERT INTO modelos (`id_modelo`, `id_marca`, `modelo`) VALUES ('517', '40', 'NX');
INSERT INTO modelos (`id_modelo`, `id_marca`, `modelo`) VALUES ('518', '40', 'RC');
INSERT INTO modelos (`id_modelo`, `id_marca`, `modelo`) VALUES ('519', '40', 'RX');
INSERT INTO modelos (`id_modelo`, `id_marca`, `modelo`) VALUES ('520', '40', 'RS300');
INSERT INTO modelos (`id_modelo`, `id_marca`, `modelo`) VALUES ('521', '40', 'SC');
INSERT INTO modelos (`id_modelo`, `id_marca`, `modelo`) VALUES ('522', '40', 'SC430');
INSERT INTO modelos (`id_modelo`, `id_marca`, `modelo`) VALUES ('523', '40', 'UX');
INSERT INTO modelos (`id_modelo`, `id_marca`, `modelo`) VALUES ('524', '41', 'Elise');
INSERT INTO modelos (`id_modelo`, `id_marca`, `modelo`) VALUES ('525', '41', 'Exige');
INSERT INTO modelos (`id_modelo`, `id_marca`, `modelo`) VALUES ('526', '42', 'Bolero');
INSERT INTO modelos (`id_modelo`, `id_marca`, `modelo`) VALUES ('527', '42', 'CJ');
INSERT INTO modelos (`id_modelo`, `id_marca`, `modelo`) VALUES ('528', '42', 'Goa');
INSERT INTO modelos (`id_modelo`, `id_marca`, `modelo`) VALUES ('529', '42', 'Pikup');
INSERT INTO modelos (`id_modelo`, `id_marca`, `modelo`) VALUES ('530', '42', 'Quanto');
INSERT INTO modelos (`id_modelo`, `id_marca`, `modelo`) VALUES ('531', '42', 'Tar');
INSERT INTO modelos (`id_modelo`, `id_marca`, `modelo`) VALUES ('532', '43', '224');
INSERT INTO modelos (`id_modelo`, `id_marca`, `modelo`) VALUES ('533', '43', '228');
INSERT INTO modelos (`id_modelo`, `id_marca`, `modelo`) VALUES ('534', '43', '3200 GT');
INSERT INTO modelos (`id_modelo`, `id_marca`, `modelo`) VALUES ('535', '43', '430');
INSERT INTO modelos (`id_modelo`, `id_marca`, `modelo`) VALUES ('536', '43', 'Biturbo');
INSERT INTO modelos (`id_modelo`, `id_marca`, `modelo`) VALUES ('537', '43', 'Gransport');
INSERT INTO modelos (`id_modelo`, `id_marca`, `modelo`) VALUES ('538', '43', 'Levante');
INSERT INTO modelos (`id_modelo`, `id_marca`, `modelo`) VALUES ('539', '43', 'Spyder');
INSERT INTO modelos (`id_modelo`, `id_marca`, `modelo`) VALUES ('540', '44', 'Maybach');
INSERT INTO modelos (`id_modelo`, `id_marca`, `modelo`) VALUES ('541', '45', '323');
INSERT INTO modelos (`id_modelo`, `id_marca`, `modelo`) VALUES ('542', '45', '426');
INSERT INTO modelos (`id_modelo`, `id_marca`, `modelo`) VALUES ('543', '45', '929');
INSERT INTO modelos (`id_modelo`, `id_marca`, `modelo`) VALUES ('544', '45', 'CX-3');
INSERT INTO modelos (`id_modelo`, `id_marca`, `modelo`) VALUES ('545', '45', 'CX-7');
INSERT INTO modelos (`id_modelo`, `id_marca`, `modelo`) VALUES ('546', '45', 'CX-9');
INSERT INTO modelos (`id_modelo`, `id_marca`, `modelo`) VALUES ('547', '45', 'Mazda2');
INSERT INTO modelos (`id_modelo`, `id_marca`, `modelo`) VALUES ('548', '45', 'Mazda3');
INSERT INTO modelos (`id_modelo`, `id_marca`, `modelo`) VALUES ('549', '45', 'Mazda5');
INSERT INTO modelos (`id_modelo`, `id_marca`, `modelo`) VALUES ('550', '45', 'Mazda6');
INSERT INTO modelos (`id_modelo`, `id_marca`, `modelo`) VALUES ('551', '45', 'MX6');
INSERT INTO modelos (`id_modelo`, `id_marca`, `modelo`) VALUES ('552', '45', 'Premacy');
INSERT INTO modelos (`id_modelo`, `id_marca`, `modelo`) VALUES ('553', '45', 'RX-7');
INSERT INTO modelos (`id_modelo`, `id_marca`, `modelo`) VALUES ('554', '45', 'RX-8');
INSERT INTO modelos (`id_modelo`, `id_marca`, `modelo`) VALUES ('555', '45', 'Tribute');
INSERT INTO modelos (`id_modelo`, `id_marca`, `modelo`) VALUES ('556', '45', 'Xedos 6');
INSERT INTO modelos (`id_modelo`, `id_marca`, `modelo`) VALUES ('557', '45', 'Xedos 9');
INSERT INTO modelos (`id_modelo`, `id_marca`, `modelo`) VALUES ('558', '46', '100D');
INSERT INTO modelos (`id_modelo`, `id_marca`, `modelo`) VALUES ('559', '46', '200');
INSERT INTO modelos (`id_modelo`, `id_marca`, `modelo`) VALUES ('560', '46', '600');
INSERT INTO modelos (`id_modelo`, `id_marca`, `modelo`) VALUES ('561', '46', 'AMG GT');
INSERT INTO modelos (`id_modelo`, `id_marca`, `modelo`) VALUES ('562', '46', 'Clase A');
INSERT INTO modelos (`id_modelo`, `id_marca`, `modelo`) VALUES ('563', '46', 'Clase B');
INSERT INTO modelos (`id_modelo`, `id_marca`, `modelo`) VALUES ('564', '46', 'Clase C');
INSERT INTO modelos (`id_modelo`, `id_marca`, `modelo`) VALUES ('565', '46', 'Clase CLA');
INSERT INTO modelos (`id_modelo`, `id_marca`, `modelo`) VALUES ('566', '46', 'Clase E');
INSERT INTO modelos (`id_modelo`, `id_marca`, `modelo`) VALUES ('567', '46', 'Clase GLE');
INSERT INTO modelos (`id_modelo`, `id_marca`, `modelo`) VALUES ('568', '46', 'Clase M');
INSERT INTO modelos (`id_modelo`, `id_marca`, `modelo`) VALUES ('569', '46', 'Clase SLK');
INSERT INTO modelos (`id_modelo`, `id_marca`, `modelo`) VALUES ('570', '46', 'SLR McLaren');
INSERT INTO modelos (`id_modelo`, `id_marca`, `modelo`) VALUES ('571', '46', 'Sprinter');
INSERT INTO modelos (`id_modelo`, `id_marca`, `modelo`) VALUES ('572', '46', 'Vito');
INSERT INTO modelos (`id_modelo`, `id_marca`, `modelo`) VALUES ('573', '47', 'MGF');
INSERT INTO modelos (`id_modelo`, `id_marca`, `modelo`) VALUES ('574', '47', 'TF');
INSERT INTO modelos (`id_modelo`, `id_marca`, `modelo`) VALUES ('575', '47', 'ZR');
INSERT INTO modelos (`id_modelo`, `id_marca`, `modelo`) VALUES ('576', '48', 'CLUBMAN');
INSERT INTO modelos (`id_modelo`, `id_marca`, `modelo`) VALUES ('577', '48', 'Countryman');
INSERT INTO modelos (`id_modelo`, `id_marca`, `modelo`) VALUES ('578', '48', 'MINI');
INSERT INTO modelos (`id_modelo`, `id_marca`, `modelo`) VALUES ('579', '48', 'Paceman');
INSERT INTO modelos (`id_modelo`, `id_marca`, `modelo`) VALUES ('580', '49', 'ASX');
INSERT INTO modelos (`id_modelo`, `id_marca`, `modelo`) VALUES ('581', '49', 'Eclipse');
INSERT INTO modelos (`id_modelo`, `id_marca`, `modelo`) VALUES ('582', '49', 'Lancer');
INSERT INTO modelos (`id_modelo`, `id_marca`, `modelo`) VALUES ('583', '49', 'Outlander');
INSERT INTO modelos (`id_modelo`, `id_marca`, `modelo`) VALUES ('584', '50', 'Aero 8');
INSERT INTO modelos (`id_modelo`, `id_marca`, `modelo`) VALUES ('585', '50', 'Plus 4');
INSERT INTO modelos (`id_modelo`, `id_marca`, `modelo`) VALUES ('586', '50', 'Roadster');
INSERT INTO modelos (`id_modelo`, `id_marca`, `modelo`) VALUES ('587', '51', '350Z');
INSERT INTO modelos (`id_modelo`, `id_marca`, `modelo`) VALUES ('588', '51', 'Almera');
INSERT INTO modelos (`id_modelo`, `id_marca`, `modelo`) VALUES ('589', '51', 'Primera');
INSERT INTO modelos (`id_modelo`, `id_marca`, `modelo`) VALUES ('590', '51', 'Patrol');
INSERT INTO modelos (`id_modelo`, `id_marca`, `modelo`) VALUES ('591', '51', 'QASHQAI');
INSERT INTO modelos (`id_modelo`, `id_marca`, `modelo`) VALUES ('592', '52', 'Astra');
INSERT INTO modelos (`id_modelo`, `id_marca`, `modelo`) VALUES ('593', '52', 'Calibra');
INSERT INTO modelos (`id_modelo`, `id_marca`, `modelo`) VALUES ('594', '52', 'Insignia');
INSERT INTO modelos (`id_modelo`, `id_marca`, `modelo`) VALUES ('595', '52', 'Frontera');
INSERT INTO modelos (`id_modelo`, `id_marca`, `modelo`) VALUES ('596', '52', 'Vectra');
INSERT INTO modelos (`id_modelo`, `id_marca`, `modelo`) VALUES ('597', '52', 'Zafira');
INSERT INTO modelos (`id_modelo`, `id_marca`, `modelo`) VALUES ('598', '53', '206');
INSERT INTO modelos (`id_modelo`, `id_marca`, `modelo`) VALUES ('599', '53', '406');
INSERT INTO modelos (`id_modelo`, `id_marca`, `modelo`) VALUES ('600', '53', '407');
INSERT INTO modelos (`id_modelo`, `id_marca`, `modelo`) VALUES ('601', '54', 'Porter');
INSERT INTO modelos (`id_modelo`, `id_marca`, `modelo`) VALUES ('602', '54', 'Quargo');
INSERT INTO modelos (`id_modelo`, `id_marca`, `modelo`) VALUES ('603', '55', 'Firebird');
INSERT INTO modelos (`id_modelo`, `id_marca`, `modelo`) VALUES ('604', '55', 'TRANS AM');
INSERT INTO modelos (`id_modelo`, `id_marca`, `modelo`) VALUES ('605', '55', 'Trans Sport');
INSERT INTO modelos (`id_modelo`, `id_marca`, `modelo`) VALUES ('606', '56', '911');
INSERT INTO modelos (`id_modelo`, `id_marca`, `modelo`) VALUES ('607', '56', 'Carrera GT');
INSERT INTO modelos (`id_modelo`, `id_marca`, `modelo`) VALUES ('608', '56', 'Cayenne');
INSERT INTO modelos (`id_modelo`, `id_marca`, `modelo`) VALUES ('609', '56', 'Panamera');
INSERT INTO modelos (`id_modelo`, `id_marca`, `modelo`) VALUES ('610', '57', 'Clio');
INSERT INTO modelos (`id_modelo`, `id_marca`, `modelo`) VALUES ('611', '57', 'Laguna');
INSERT INTO modelos (`id_modelo`, `id_marca`, `modelo`) VALUES ('612', '57', 'Mégane');
INSERT INTO modelos (`id_modelo`, `id_marca`, `modelo`) VALUES ('613', '58', 'Phantom');
INSERT INTO modelos (`id_modelo`, `id_marca`, `modelo`) VALUES ('614', '58', 'Silvier');
INSERT INTO modelos (`id_modelo`, `id_marca`, `modelo`) VALUES ('615', '58', 'Touring');
INSERT INTO modelos (`id_modelo`, `id_marca`, `modelo`) VALUES ('616', '59', '100');
INSERT INTO modelos (`id_modelo`, `id_marca`, `modelo`) VALUES ('617', '59', '200');
INSERT INTO modelos (`id_modelo`, `id_marca`, `modelo`) VALUES ('618', '59', '400');
INSERT INTO modelos (`id_modelo`, `id_marca`, `modelo`) VALUES ('619', '59', 'Streetwise');
INSERT INTO modelos (`id_modelo`, `id_marca`, `modelo`) VALUES ('620', '60', '9000');
INSERT INTO modelos (`id_modelo`, `id_marca`, `modelo`) VALUES ('621', '60', '9-3X');
INSERT INTO modelos (`id_modelo`, `id_marca`, `modelo`) VALUES ('622', '60', '9-5');
INSERT INTO modelos (`id_modelo`, `id_marca`, `modelo`) VALUES ('623', '61', '300');
INSERT INTO modelos (`id_modelo`, `id_marca`, `modelo`) VALUES ('624', '61', '350');
INSERT INTO modelos (`id_modelo`, `id_marca`, `modelo`) VALUES ('625', '61', 'Anibal');
INSERT INTO modelos (`id_modelo`, `id_marca`, `modelo`) VALUES ('626', '62', 'ALTEA');
INSERT INTO modelos (`id_modelo`, `id_marca`, `modelo`) VALUES ('627', '62', 'Ibiza');
INSERT INTO modelos (`id_modelo`, `id_marca`, `modelo`) VALUES ('628', '62', 'León');
INSERT INTO modelos (`id_modelo`, `id_marca`, `modelo`) VALUES ('629', '62', 'Toledo');
INSERT INTO modelos (`id_modelo`, `id_marca`, `modelo`) VALUES ('630', '63', 'Fabia');
INSERT INTO modelos (`id_modelo`, `id_marca`, `modelo`) VALUES ('631', '63', 'Octavia');
INSERT INTO modelos (`id_modelo`, `id_marca`, `modelo`) VALUES ('632', '63', 'Superb');
INSERT INTO modelos (`id_modelo`, `id_marca`, `modelo`) VALUES ('633', '63', 'Yeti');
INSERT INTO modelos (`id_modelo`, `id_marca`, `modelo`) VALUES ('634', '64', 'cabrio');
INSERT INTO modelos (`id_modelo`, `id_marca`, `modelo`) VALUES ('635', '64', 'city-coupé');
INSERT INTO modelos (`id_modelo`, `id_marca`, `modelo`) VALUES ('636', '64', 'forfour');
INSERT INTO modelos (`id_modelo`, `id_marca`, `modelo`) VALUES ('637', '64', 'fortwo');
INSERT INTO modelos (`id_modelo`, `id_marca`, `modelo`) VALUES ('638', '64', 'smart');
INSERT INTO modelos (`id_modelo`, `id_marca`, `modelo`) VALUES ('639', '65', 'Actyon');
INSERT INTO modelos (`id_modelo`, `id_marca`, `modelo`) VALUES ('640', '65', 'Korando');
INSERT INTO modelos (`id_modelo`, `id_marca`, `modelo`) VALUES ('641', '65', 'Rexton');
INSERT INTO modelos (`id_modelo`, `id_marca`, `modelo`) VALUES ('642', '65', 'Rodius');
INSERT INTO modelos (`id_modelo`, `id_marca`, `modelo`) VALUES ('643', '66', 'Impreza');
INSERT INTO modelos (`id_modelo`, `id_marca`, `modelo`) VALUES ('644', '66', 'Legacy');
INSERT INTO modelos (`id_modelo`, `id_marca`, `modelo`) VALUES ('645', '66', 'WRX STI');
INSERT INTO modelos (`id_modelo`, `id_marca`, `modelo`) VALUES ('646', '67', 'Alto');
INSERT INTO modelos (`id_modelo`, `id_marca`, `modelo`) VALUES ('647', '67', 'Samurai');
INSERT INTO modelos (`id_modelo`, `id_marca`, `modelo`) VALUES ('648', '67', 'Swift');
INSERT INTO modelos (`id_modelo`, `id_marca`, `modelo`) VALUES ('649', '68', 'Horizon');
INSERT INTO modelos (`id_modelo`, `id_marca`, `modelo`) VALUES ('650', '68', 'Samba');
INSERT INTO modelos (`id_modelo`, `id_marca`, `modelo`) VALUES ('651', '68', 'Solara');
INSERT INTO modelos (`id_modelo`, `id_marca`, `modelo`) VALUES ('652', '68', 'Tagora');
INSERT INTO modelos (`id_modelo`, `id_marca`, `modelo`) VALUES ('653', '69', 'Aria');
INSERT INTO modelos (`id_modelo`, `id_marca`, `modelo`) VALUES ('654', '69', 'Suma');
INSERT INTO modelos (`id_modelo`, `id_marca`, `modelo`) VALUES ('655', '69', 'Xanon Pick Up');
INSERT INTO modelos (`id_modelo`, `id_marca`, `modelo`) VALUES ('656', '70', 'Model S');
INSERT INTO modelos (`id_modelo`, `id_marca`, `modelo`) VALUES ('657', '70', 'Model X');
INSERT INTO modelos (`id_modelo`, `id_marca`, `modelo`) VALUES ('658', '71', 'Avensis');
INSERT INTO modelos (`id_modelo`, `id_marca`, `modelo`) VALUES ('659', '71', 'Corolla');
INSERT INTO modelos (`id_modelo`, `id_marca`, `modelo`) VALUES ('660', '71', 'Supra');
INSERT INTO modelos (`id_modelo`, `id_marca`, `modelo`) VALUES ('661', '71', 'Yaris');
INSERT INTO modelos (`id_modelo`, `id_marca`, `modelo`) VALUES ('662', '72', '110 Stawra');
INSERT INTO modelos (`id_modelo`, `id_marca`, `modelo`) VALUES ('663', '72', '214');
INSERT INTO modelos (`id_modelo`, `id_marca`, `modelo`) VALUES ('664', '72', '215');
INSERT INTO modelos (`id_modelo`, `id_marca`, `modelo`) VALUES ('665', '73', 'Bora');
INSERT INTO modelos (`id_modelo`, `id_marca`, `modelo`) VALUES ('666', '73', 'Caddy');
INSERT INTO modelos (`id_modelo`, `id_marca`, `modelo`) VALUES ('667', '73', 'Golf');
INSERT INTO modelos (`id_modelo`, `id_marca`, `modelo`) VALUES ('668', '73', 'Passat');
INSERT INTO modelos (`id_modelo`, `id_marca`, `modelo`) VALUES ('669', '73', 'Scirocco');
INSERT INTO modelos (`id_modelo`, `id_marca`, `modelo`) VALUES ('670', '73', 'Touareg');
INSERT INTO modelos (`id_modelo`, `id_marca`, `modelo`) VALUES ('671', '73', 'Touran');
INSERT INTO modelos (`id_modelo`, `id_marca`, `modelo`) VALUES ('672', '74', '240');
INSERT INTO modelos (`id_modelo`, `id_marca`, `modelo`) VALUES ('673', '74', '960');
INSERT INTO modelos (`id_modelo`, `id_marca`, `modelo`) VALUES ('674', '74', 'C70');
INSERT INTO modelos (`id_modelo`, `id_marca`, `modelo`) VALUES ('675', '74', 'S40');
INSERT INTO modelos (`id_modelo`, `id_marca`, `modelo`) VALUES ('676', '74', 'V60');
INSERT INTO modelos (`id_modelo`, `id_marca`, `modelo`) VALUES ('677', '74', 'XC60');
INSERT INTO modelos (`id_modelo`, `id_marca`, `modelo`) VALUES ('678', '74', 'XC90');


/* Rellenamos la tabla provincias */

INSERT INTO provincias (`id_provincia`, `provincia`) VALUES (2,'Albacete');
INSERT INTO provincias (`id_provincia`, `provincia`) VALUES (3,'Alicante/Alacant');
INSERT INTO provincias (`id_provincia`, `provincia`) VALUES (4,'Almería');
INSERT INTO provincias (`id_provincia`, `provincia`) VALUES (1,'Araba/Álava');
INSERT INTO provincias (`id_provincia`, `provincia`) VALUES (33,'Asturias');
INSERT INTO provincias (`id_provincia`, `provincia`) VALUES (5,'Ávila');
INSERT INTO provincias (`id_provincia`, `provincia`) VALUES (6,'Badajoz');
INSERT INTO provincias (`id_provincia`, `provincia`) VALUES (7,'Balears, Illes');
INSERT INTO provincias (`id_provincia`, `provincia`) VALUES (8,'Barcelona');
INSERT INTO provincias (`id_provincia`, `provincia`) VALUES (48,'Bizkaia');
INSERT INTO provincias (`id_provincia`, `provincia`) VALUES (9,'Burgos');
INSERT INTO provincias (`id_provincia`, `provincia`) VALUES (10,'Cáceres');
INSERT INTO provincias (`id_provincia`, `provincia`) VALUES (11,'Cádiz');
INSERT INTO provincias (`id_provincia`, `provincia`) VALUES (39,'Cantabria');
INSERT INTO provincias (`id_provincia`, `provincia`) VALUES (12,'Castellón/Castelló');
INSERT INTO provincias (`id_provincia`, `provincia`) VALUES (51,'Ceuta');
INSERT INTO provincias (`id_provincia`, `provincia`) VALUES (13,'Ciudad Real');
INSERT INTO provincias (`id_provincia`, `provincia`) VALUES (14,'Córdoba');
INSERT INTO provincias (`id_provincia`, `provincia`) VALUES (15,'Coruña, A');
INSERT INTO provincias (`id_provincia`, `provincia`) VALUES (16,'Cuenca');
INSERT INTO provincias (`id_provincia`, `provincia`) VALUES (20,'Gipuzkoa');
INSERT INTO provincias (`id_provincia`, `provincia`) VALUES (17,'Girona');
INSERT INTO provincias (`id_provincia`, `provincia`) VALUES (18,'Granada');
INSERT INTO provincias (`id_provincia`, `provincia`) VALUES (19,'Guadalajara');
INSERT INTO provincias (`id_provincia`, `provincia`) VALUES (21,'Huelva');
INSERT INTO provincias (`id_provincia`, `provincia`) VALUES (22,'Huesca');
INSERT INTO provincias (`id_provincia`, `provincia`) VALUES (23,'Jaén');
INSERT INTO provincias (`id_provincia`, `provincia`) VALUES (24,'León');
INSERT INTO provincias (`id_provincia`, `provincia`) VALUES (27,'Lugo');
INSERT INTO provincias (`id_provincia`, `provincia`) VALUES (25,'Lleida');
INSERT INTO provincias (`id_provincia`, `provincia`) VALUES (28,'Madrid');
INSERT INTO provincias (`id_provincia`, `provincia`) VALUES (29,'Málaga');
INSERT INTO provincias (`id_provincia`, `provincia`) VALUES (52,'Melilla');
INSERT INTO provincias (`id_provincia`, `provincia`) VALUES (30,'Murcia');
INSERT INTO provincias (`id_provincia`, `provincia`) VALUES (31,'Navarra');
INSERT INTO provincias (`id_provincia`, `provincia`) VALUES (32,'Ourense');
INSERT INTO provincias (`id_provincia`, `provincia`) VALUES (34,'Palencia');
INSERT INTO provincias (`id_provincia`, `provincia`) VALUES (35,'Palmas, Las');
INSERT INTO provincias (`id_provincia`, `provincia`) VALUES (36,'Pontevedra');
INSERT INTO provincias (`id_provincia`, `provincia`) VALUES (26,'Rioja, La');
INSERT INTO provincias (`id_provincia`, `provincia`) VALUES (37,'Salamanca');
INSERT INTO provincias (`id_provincia`, `provincia`) VALUES (38,'Santa Cruz de Tenerife');
INSERT INTO provincias (`id_provincia`, `provincia`) VALUES (40,'Segovia');
INSERT INTO provincias (`id_provincia`, `provincia`) VALUES (41,'Sevilla');
INSERT INTO provincias (`id_provincia`, `provincia`) VALUES (42,'Soria');
INSERT INTO provincias (`id_provincia`, `provincia`) VALUES (43,'Tarragona');
INSERT INTO provincias (`id_provincia`, `provincia`) VALUES (44,'Teruel');
INSERT INTO provincias (`id_provincia`, `provincia`) VALUES (46,'Valencia/València');
INSERT INTO provincias (`id_provincia`, `provincia`) VALUES (47,'Valladolid');
INSERT INTO provincias (`id_provincia`, `provincia`) VALUES (49,'Zamora');
INSERT INTO provincias (`id_provincia`, `provincia`) VALUES (50,'Zaragoza');
INSERT INTO provincias (`id_provincia`, `provincia`) VALUES (45,'Toledo');

/* Agregamos unos anuncios */
INSERT INTO vehiculos (`id`, `anio`, `color`, `combustible`, `descripcion`, `foto`, `id_user`, `kilometros`, `marca`, `modelo`, `precio`, `provincia`, `puertas`, `tipo_cambio`, `create_at`) VALUES ('1', '2015', 'Blanco', 'Diésel', 'Vendo coche en buen estado, poco uso muy cuidado', 'f1867601-7fd3-4b59-a120-542848c68119_ibiza.jpg', '2', '77500', 'Seat', 'Ibiza', '12500', 'Barcelona', '5', 'Manual', '2018-12-05');
INSERT INTO vehiculos (`id`, `anio`, `color`, `combustible`, `descripcion`, `foto`, `id_user`, `kilometros`, `marca`, `modelo`, `precio`, `provincia`, `puertas`, `tipo_cambio`, `create_at`) VALUES ('2', '2010', 'Gris', 'Gasolina', 'Vehiculo muy cuidado esta tal y como se ve en las fotos, funciona como un reloj, tiene un consumo y un mantenimiento muy bajo.', '44c7ef65-b430-44bf-b667-391f54652034_opel.jpg', '2', '14700', 'Opel', 'Astra', '7400', 'Barcelona', '5', 'Manual', '2018-12-04');
INSERT INTO vehiculos (`id`, `anio`, `color`, `combustible`, `descripcion`, `foto`, `id_user`, `kilometros`, `marca`, `modelo`, `precio`, `provincia`, `puertas`, `tipo_cambio`, `create_at`) VALUES ('3', '2013', 'Blanco', 'Gasolina', 'BMW X5 3.0D xDrive ,!! Impecable-FullEquipe !!diesel 6 cilindros 245Cv de potencia ,consumo medio 7,4L/100Km.Kilomteros Certificados Historial completo en BMW.Procede de particular Unico propietario,vehiculo Nacional .Fecha!', '55a7652f-6afb-4a26-87ec-aff355a60815_bmw.jpg', '1', '125000', 'BMW', '330i', '18600', 'Madrid', '3', 'Automatico', '2018-12-04');
INSERT INTO vehiculos (`id`, `anio`, `color`, `combustible`, `descripcion`, `foto`, `id_user`, `kilometros`, `marca`, `modelo`, `precio`, `provincia`, `puertas`, `tipo_cambio`, `create_at`) VALUES ('4', '2014', 'Azul', 'Híbrido', 'ABS, Airbag conductor, Airbag de rodillas conductor, Airbag exterior delantero para peatones, Airbag lateral conductor y pasajero, Airbag pasajero, Airbags de cabeza delanteros, Airbags de cabeza traseros', '79f7ed85-e970-46ec-b795-07c454880c43_volvo.jpg', '1', '178000', 'VOLVO', 'v40', '22630', 'Madrid', '5', 'Automatico', '2018-12-03');
INSERT INTO vehiculos (`id`, `anio`, `color`, `combustible`, `descripcion`, `foto`, `id_user`, `kilometros`, `marca`, `modelo`, `precio`, `provincia`, `puertas`, `tipo_cambio`, `create_at`) VALUES ('5', '2011', 'Granate', 'Diésel', 'Es un vehículo perfecto para todo tipo de uso, desde un uso mayoritario por la urbe a poder realizar grandes viajes con él.', '415e47fd-8347-4c82-b7a6-248875062552_a3.jpg', '2', '156234', 'AUDI', 'A3', '13500', 'Barcelona', '5', 'Manual', '2018-12-02');
INSERT INTO vehiculos (`id`, `anio`, `color`, `combustible`, `descripcion`, `foto`, `id_user`, `kilometros`, `marca`, `modelo`, `precio`, `provincia`, `puertas`, `tipo_cambio`, `create_at`) VALUES ('6', '2014', 'Azul', 'Gasolina', 'En stock con entrega inmediata - - Vehículo con CERTIFICADO Citroën Select revisado en más de 93 puntos -- Kilometraje Certificado.- Fecha de matriculación: 06/2017 - Garantía Oficial mínimo 12 meses', '0538f98a-3897-41ed-812d-28d269864757_leon.jpg', '1', '72566', 'SEAT', 'Leon', '11600', 'Madrid', '5', 'Manual', '2018-12-01');


